bad_reward,depth,update_rule,event_round,prior_good_traversals,paired_seeds,true_safe_value,true_risky_value,final_lock_probability,final_lock_ci_low,final_lock_ci_high,ever_demoted_probability,ever_demoted_ci_low,ever_demoted_ci_high,mean_first_demotion_delay,mean_post_event_risky_visits,mean_final_start_value,exact_full_return_lock_probability,mc_minus_exact_if_depth_one
-5.0,1,sample_average,0,0,20000,0.9,1.0,1.0,0.9998079639438954,0.9999999999999999,1.0,0.9998079639438954,0.9999999999999999,0.0,20.318,0.7066292072768738,0.9999999999999987,1.3322676295501878e-15
-5.0,1,constant_alpha,0,0,20000,0.9,1.0,0.01325,0.011756180030542095,0.014930767070075755,1.0,0.9998079639438954,0.9999999999999999,0.0,126.15445,0.9983665908430649,0.012990181291984756,0.00025981870801524386
-5.0,1,sample_average,4,4,20000,0.9,1.0,1.0,0.9998079639438954,0.9999999999999999,1.0,0.9998079639438954,0.9999999999999999,0.0,19.556,0.7483477958883676,0.9999999999999428,5.717648576819556e-14
-5.0,1,constant_alpha,4,4,20000,0.9,1.0,0.0204,0.01853095278768133,0.022453248197334224,1.0,0.9998079639438954,0.9999999999999999,0.0,120.18625,0.9973202031445734,0.020104261119779098,0.00029573888022090336
-5.0,1,sample_average,8,8,20000,0.9,1.0,1.0,0.9998079639438954,0.9999999999999999,1.0,0.9998079639438954,0.9999999999999999,0.0,18.7157,0.7786891719231642,0.9999999999977793,2.220668093855238e-12
-5.0,1,constant_alpha,8,8,20000,0.9,1.0,0.03265,0.03027533794131694,0.035204158160324045,1.0,0.9998079639438954,0.9999999999999999,0.0,113.25425,0.995704064653074,0.030331650873927266,0.002318349126072733
-5.0,1,sample_average,12,12,20000,0.9,1.0,1.0,0.9998079639438954,0.9999999999999999,1.0,0.9998079639438954,0.9999999999999999,0.0,17.968,0.8029941031256299,0.9999999999218367,7.816325364728982e-11
-5.0,1,constant_alpha,12,12,20000,0.9,1.0,0.0453,0.04250412912993366,0.04827050845948788,1.0,0.9998079639438954,0.9999999999999999,0.0,106.88865,0.993960022717807,0.0446138126318326,0.0006861873681673972
-5.0,1,sample_average,16,16,20000,0.9,1.0,1.0,0.9998079639438954,0.9999999999999999,1.0,0.9998079639438954,0.9999999999999999,0.0,17.2368,0.8224268798882124,0.9999999975507602,2.449239810964343e-09
-5.0,1,constant_alpha,16,16,20000,0.9,1.0,0.0674,0.06400776792087953,0.07095838167486218,1.0,0.9998079639438954,0.9999999999999999,0.0,99.9959,0.9908354212775852,0.06398093563088697,0.0034190643691130312
-5.0,1,sample_average,20,20,20000,0.9,1.0,1.0,0.9998079639438954,0.9999999999999999,1.0,0.9998079639438954,0.9999999999999999,0.0,16.4718,0.8382121398179122,0.9999999332131487,6.678685127159412e-08
-5.0,1,constant_alpha,20,20,20000,0.9,1.0,0.08995,0.08606313223600487,0.09399435653360655,1.0,0.9998079639438954,0.9999999999999999,0.0,92.6791,0.9873343505299521,0.08947417566109217,0.00047582433890783205
-5.0,1,sample_average,24,24,20000,0.9,1.0,1.0,0.9998079639438954,0.9999999999999999,1.0,0.9998079639438954,0.9999999999999999,0.0,15.80275,0.851693260523356,0.9999984585411905,1.5414588094841974e-06
-5.0,1,constant_alpha,24,24,20000,0.9,1.0,0.1232,0.11871721828628955,0.12782750008559088,1.0,0.9998079639438954,0.9999999999999999,0.0,85.331,0.9824122829597154,0.1220358850117178,0.0011641149882822
-5.0,1,sample_average,28,28,20000,0.9,1.0,1.0,0.9998079639438954,0.9999999999999999,1.0,0.9998079639438954,0.9999999999999999,0.0,15.0841,0.8629729470247568,0.999970894205022,2.9105794977946076e-05
-5.0,1,constant_alpha,28,28,20000,0.9,1.0,0.1605,0.15547804175741228,0.16565235072468273,1.0,0.9998079639438954,0.9999999999999999,0.0,77.9031,0.9767022897077008,0.1623753964691314,-0.0018753964691314018
-5.0,1,sample_average,32,32,20000,0.9,1.0,0.99955,0.9991449078924859,0.99976322888386,1.0,0.9998079639438954,0.9999999999999999,0.0,14.41375,0.8727235123211754,0.99956895970517,-1.8959705169963037e-05
-5.0,1,constant_alpha,32,32,20000,0.9,1.0,0.2123,0.2066880630200048,0.21802243452667774,1.0,0.9998079639438954,0.9999999999999999,0.0,69.8594,0.9684786470619798,0.21082594030446697,0.0014740596955330199
-5.0,1,sample_average,36,36,20000,0.9,1.0,0.9947,0.9935943455939249,0.9956156539321652,1.0,0.9998079639438954,0.9999999999999999,0.0,13.91145,0.8813751631117175,0.9952504580061932,-0.000550458006193133
-5.0,1,constant_alpha,36,36,20000,0.9,1.0,0.26465,0.2585817472299695,0.27080864414163897,1.0,0.9998079639438954,0.9999999999999999,0.0,62.33045,0.9591579107713969,0.26721532629005534,-0.0025653262900553475
-5.0,1,sample_average,39,39,20000,0.9,1.0,0.97595,0.9737335717583239,0.9779836291198701,1.0,0.9998079639438954,0.9999999999999999,0.0,14.0993,0.8876695477485066,0.9772477918124348,-0.0012977918124348342
-5.0,1,constant_alpha,39,39,20000,0.9,1.0,0.31595,0.3095428946567981,0.32242779381545406,1.0,0.9998079639438954,0.9999999999999999,0.0,56.5988,0.9501157752467064,0.3142794821476717,0.0016705178523283015
-5.0,1,sample_average,40,40,20000,0.9,1.0,0.96505,0.9624141148947472,0.9675072723694698,1.0,0.9998079639438954,0.9999999999999999,0.0,14.33425,0.8897639109041658,0.9635421952692625,0.0015078047307374165
-5.0,1,constant_alpha,40,40,20000,0.9,1.0,0.33095,0.32446156803365755,0.33750335935691145,1.0,0.9998079639438954,0.9999999999999999,0.0,54.4225,0.9474226737178575,0.3307768098757572,0.00017319012424282798
-5.0,1,sample_average,44,44,20000,0.9,1.0,0.82005,0.8146648039195411,0.8253122738009463,1.0,0.9998079639438954,0.9999999999999999,0.0,20.22375,0.9018035527809436,0.8199563548371112,9.36451628887891e-05
-5.0,1,constant_alpha,44,44,20000,0.9,1.0,0.4038,0.39701904969070395,0.41061789804649057,1.0,0.9998079639438954,0.9999999999999999,0.0,47.3164,0.9327371095634517,0.40012501234128506,0.0036749876587149344
-5.0,1,sample_average,48,48,20000,0.9,1.0,0.47785,0.47093220080273585,0.48477630639454955,1.0,0.9998079639438954,0.9999999999999999,0.0,40.50985,0.922891037948983,0.4733138264812474,0.004536173518752573
-5.0,1,constant_alpha,48,48,20000,0.9,1.0,0.47785,0.47093220080273585,0.48477630639454955,1.0,0.9998079639438954,0.9999999999999999,0.0,40.50985,0.9187339066885958,0.4733138264812474,0.004536173518752573
-5.0,1,sample_average,50,50,20000,0.9,1.0,0.27065,0.26453696752946443,0.2768511194094708,1.0,0.9998079639438954,0.9999999999999999,0.0,57.69195,0.9364637730491453,0.2708226612030003,-0.00017266120300030163
-5.0,1,constant_alpha,50,50,20000,0.9,1.0,0.51565,0.5087215351486252,0.5225724541228189,1.0,0.9998079639438954,0.9999999999999999,0.0,37.5153,0.9103081359805525,0.5106206222013961,0.005029377798603907
-5.0,1,sample_average,52,52,20000,0.9,1.0,0.114,0.10966936662088886,0.11847888521442393,1.0,0.9998079639438954,0.9999999999999999,0.0,76.38815,0.9486895523376847,0.11495834988843572,-0.0009583498884357111
-5.0,1,constant_alpha,52,52,20000,0.9,1.0,0.5452,0.5382908307104355,0.5520918092300926,1.0,0.9998079639438954,0.9999999999999999,0.0,34.677,0.9019335202701281,0.5479795344654841,-0.002779534465484068
-5.0,1,sample_average,56,56,20000,0.9,1.0,0.0045,0.0036627763775949032,0.005527531354004781,1.0,0.9998079639438954,0.9999999999999999,0.0,108.01725,0.9630454466686001,0.004688983106637242,-0.00018898310663724265
-5.0,1,constant_alpha,56,56,20000,0.9,1.0,0.62345,0.6167119081979325,0.6301406780998152,1.0,0.9998079639438954,0.9999999999999999,0.0,28.7876,0.8824988196011513,0.6215554154760285,0.0018945845239713988
-5.0,1,sample_average,60,60,20000,0.9,1.0,0.0,0.0,0.00019203605610462553,0.0,0.0,0.00019203605610462553,,128.87995,0.9683929241110922,0.0,0.0
-5.0,1,constant_alpha,60,60,20000,0.9,1.0,0.6864,0.6799347402512647,0.6927936687070196,1.0,0.9998079639438954,0.9999999999999999,0.0,24.45295,0.8628339601774729,0.6915279345588825,-0.0051279345588824965
-5.0,1,sample_average,64,64,20000,0.9,1.0,0.0,0.0,0.00019203605610462553,0.0,0.0,0.00019203605610462553,,125.4729,0.9684917607904208,0.0,0.0
-5.0,1,constant_alpha,64,64,20000,0.9,1.0,0.75705,0.7510573446568509,0.7629439296067058,1.0,0.9998079639438954,0.9999999999999999,0.0,19.94085,0.8387535041758125,0.7556936242279194,0.001356375772080587
-5.0,1,sample_average,68,68,20000,0.9,1.0,0.0,0.0,0.00019203605610462553,0.0,0.0,0.00019203605610462553,,122.0095,0.9685809057008744,0.0,0.0
-5.0,1,constant_alpha,68,68,20000,0.9,1.0,0.811,0.8055145361453223,0.8163660174277806,1.0,0.9998079639438954,0.9999999999999999,0.0,16.5312,0.8165702686885531,0.8123734762373273,-0.001373476237327198
-5.0,1,sample_average,72,72,20000,0.9,1.0,0.0,0.0,0.00019203605610462553,0.0,0.0,0.00019203605610462553,,118.5323,0.968666980837907,0.0,0.0
-5.0,1,constant_alpha,72,72,20000,0.9,1.0,0.8581,0.8531951299163928,0.862867333860225,1.0,0.9998079639438954,0.9999999999999999,0.0,13.8118,0.7916804083189712,0.860549302026026,-0.0024493020260260012
-5.0,1,sample_average,76,76,20000,0.9,1.0,0.0,0.0,0.00019203605610462553,0.0,0.0,0.00019203605610462553,,114.99975,0.9687437514596647,0.0,0.0
-5.0,1,constant_alpha,76,76,20000,0.9,1.0,0.89705,0.8927617937872699,0.9011857103805775,1.0,0.9998079639438954,0.9999999999999999,0.0,11.5787,0.7677996594492789,0.8999024967859279,-0.002852496785927916
-5.0,1,sample_average,80,80,20000,0.9,1.0,0.0,0.0,0.00019203605610462553,0.0,0.0,0.00019203605610462553,,111.53925,0.9688317195632701,0.0,0.0
-5.0,1,constant_alpha,80,80,20000,0.9,1.0,0.93165,0.9280691944850046,0.9350650207877602,1.0,0.9998079639438954,0.9999999999999999,0.0,9.732,0.7378966423368284,0.9307558465954014,0.00089415340459853
-5.0,1,sample_average,84,84,20000,0.9,1.0,0.0,0.0,0.00019203605610462553,0.0,0.0,0.00019203605610462553,,107.99395,0.9689054917358592,0.0,0.0
-5.0,1,constant_alpha,84,84,20000,0.9,1.0,0.95295,0.9499274165227423,0.9557986180140325,1.0,0.9998079639438954,0.9999999999999999,0.0,8.44945,0.7106085677020018,0.9539380866930488,-0.0009880866930488397
-5.0,1,sample_average,88,88,20000,0.9,1.0,0.0,0.0,0.00019203605610462553,0.0,0.0,0.00019203605610462553,,104.4612,0.9689810050729603,0.0,0.0
-5.0,1,constant_alpha,88,88,20000,0.9,1.0,0.972,0.9696214190572253,0.9741972989058117,1.0,0.9998079639438954,0.9999999999999999,0.0,7.3716,0.680669243627101,0.9706039589392789,0.0013960410607211093
-5.0,1,sample_average,92,92,20000,0.9,1.0,0.0,0.0,0.00019203605610462553,0.0,0.0,0.00019203605610462553,,100.89015,0.9690500053137318,0.0,0.0
-5.0,1,constant_alpha,92,92,20000,0.9,1.0,0.9826,0.9806929707621039,0.9843216760365439,1.0,0.9998079639438954,0.9999999999999999,0.0,6.58035,0.6510829779943956,0.9820466612465875,0.0005533387534125689
-5.0,1,sample_average,96,96,20000,0.9,1.0,0.0,0.0,0.00019203605610462553,0.0,0.0,0.00019203605610462553,,97.3469,0.9691230112301759,0.0,0.0
-5.0,1,constant_alpha,96,96,20000,0.9,1.0,0.9877,0.9860760624078233,0.9891366256230523,1.0,0.9998079639438954,0.9999999999999999,0.0,5.94965,0.6162229572539307,0.989534783643787,-0.0018347836437869747
-5.0,1,sample_average,100,100,20000,0.9,1.0,0.0,0.0,0.00019203605610462553,0.0,0.0,0.00019203605610462553,,93.7377,0.9691853748386835,0.0,0.0
-5.0,1,constant_alpha,100,100,20000,0.9,1.0,0.99465,0.9935396672703248,0.9955703514593709,1.0,0.9998079639438954,0.9999999999999999,0.0,5.3945,0.5850409089468652,0.9941946151558629,0.0004553848441370967
-5.0,1,sample_average,104,104,20000,0.9,1.0,0.0,0.0,0.00019203605610462553,0.0,0.0,0.00019203605610462553,,90.17635,0.9692548851956304,0.0,0.0
-5.0,1,constant_alpha,104,104,20000,0.9,1.0,0.99695,0.9960844826976206,0.997624652666217,1.0,0.9998079639438954,0.9999999999999999,0.0,4.89355,0.5456061670718908,0.9969450776065167,4.922393483264287e-06
-5.0,1,sample_average,108,108,20000,0.9,1.0,0.0,0.0,0.00019203605610462553,0.0,0.0,0.00019203605610462553,,86.53165,0.969311003068591,0.0,0.0
-5.0,1,constant_alpha,108,108,20000,0.9,1.0,0.9981,0.9973933437444168,0.9986153499364917,1.0,0.9998079639438954,0.9999999999999999,0.0,4.50175,0.5112693144587148,0.9984804724863652,-0.00038047248636519093
-5.0,1,sample_average,112,112,20000,0.9,1.0,0.0,0.0,0.00019203605610462553,0.0,0.0,0.00019203605610462553,,82.9197,0.9693721158567064,0.0,0.0
-5.0,1,constant_alpha,112,112,20000,0.9,1.0,0.99915,0.9986390788900333,0.9994692115151574,1.0,0.9998079639438954,0.9999999999999999,0.0,4.09465,0.47178834487400356,0.9992884215135158,-0.00013842151351584064
-5.0,1,sample_average,116,116,20000,0.9,1.0,0.0,0.0,0.00019203605610462553,0.0,0.0,0.00019203605610462553,,79.25485,0.969424731720538,0.0,0.0
-5.0,1,constant_alpha,116,116,20000,0.9,1.0,0.99975,0.9994148495964674,0.9998932103654561,1.0,0.9998079639438954,0.9999999999999999,0.0,3.7507,0.43565320349623615,0.9996876916439007,6.230835609932761e-05
-5.0,1,sample_average,120,120,20000,0.9,1.0,0.0,0.0,0.00019203605610462553,0.0,0.0,0.00019203605610462553,,75.5977,0.9694783068884555,0.0,0.0
-5.0,1,constant_alpha,120,120,20000,0.9,1.0,0.9998,0.9994858195143681,0.9999222212439498,1.0,0.9998079639438954,0.9999999999999999,0.0,3.40475,0.3952002007891409,0.9998721924478345,-7.219244783451817e-05
-5.0,1,sample_average,124,124,20000,0.9,1.0,0.0,0.0,0.00019203605610462553,0.0,0.0,0.00019203605610462553,,71.90365,0.9695259426446926,0.0,0.0
-5.0,1,constant_alpha,124,124,20000,0.9,1.0,0.99985,0.9995590363727073,0.999948985182005,1.0,0.9998079639438954,0.9999999999999999,0.0,3.0995,0.356307042253243,0.9999515191580883,-0.00010151915808831458
-5.0,1,sample_average,128,128,20000,0.9,1.0,0.0,0.0,0.00019203605610462553,0.0,0.0,0.00019203605610462553,,68.2154,0.9695743484911734,0.0,0.0
-5.0,1,constant_alpha,128,128,20000,0.9,1.0,1.0,0.9998079639438954,0.9999999999999999,1.0,0.9998079639438954,0.9999999999999999,0.0,2.7846,0.31455188342702084,0.9999830707662449,1.6929233755069717e-05
-5.0,1,sample_average,132,132,20000,0.9,1.0,0.0,0.0,0.00019203605610462553,0.0,0.0,0.00019203605610462553,,64.49735,0.969618009794514,0.0,0.0
-5.0,1,constant_alpha,132,132,20000,0.9,1.0,1.0,0.9998079639438954,0.9999999999999999,1.0,0.9998079639438954,0.9999999999999999,0.0,2.50265,0.2748978670882816,0.9999946017529044,5.39824709555603e-06
-5.0,1,sample_average,136,136,20000,0.9,1.0,0.0,0.0,0.00019203605610462553,0.0,0.0,0.00019203605610462553,,60.76345,0.9696590486073048,0.0,0.0
-5.0,1,constant_alpha,136,136,20000,0.9,1.0,1.0,0.9998079639438954,0.9999999999999999,1.0,0.9998079639438954,0.9999999999999999,0.0,2.23655,0.23410708079411205,0.9999984431073005,1.5568926995390697e-06
-5.0,1,sample_average,140,140,20000,0.9,1.0,0.0,0.0,0.00019203605610462553,0.0,0.0,0.00019203605610462553,,57.03265,0.9697005024691733,0.0,0.0
-5.0,1,constant_alpha,140,140,20000,0.9,1.0,1.0,0.9998079639438954,0.9999999999999999,1.0,0.9998079639438954,0.9999999999999999,0.0,1.96735,0.19163980844032003,0.9999995985201069,4.0147989310845844e-07
-5.0,1,sample_average,144,144,20000,0.9,1.0,0.0,0.0,0.00019203605610462553,0.0,0.0,0.00019203605610462553,,53.2587,0.9697352150673604,0.0,0.0
-5.0,1,constant_alpha,144,144,20000,0.9,1.0,1.0,0.9998079639438954,0.9999999999999999,1.0,0.9998079639438954,0.9999999999999999,0.0,1.7413,0.153989065216,0.9999999087158076,9.128419242721009e-08
-5.0,1,sample_average,148,148,20000,0.9,1.0,0.0,0.0,0.00019203605610462553,0.0,0.0,0.00019203605610462553,,49.49755,0.969771808744115,0.0,0.0
-5.0,1,constant_alpha,148,148,20000,0.9,1.0,1.0,0.9998079639438954,0.9999999999999999,1.0,0.9998079639438954,0.9999999999999999,0.0,1.50245,0.11237540902912004,0.9999999820132695,1.7986730549424124e-08
-5.0,1,sample_average,150,150,20000,0.9,1.0,0.0,0.0,0.00019203605610462553,0.0,0.0,0.00019203605610462553,,47.6132,0.9697894915757442,0.0,0.0
-5.0,1,constant_alpha,150,150,20000,0.9,1.0,1.0,0.9998079639438954,0.9999999999999999,1.0,0.9998079639438954,0.9999999999999999,0.0,1.3868,0.09137922534400005,0.9999999924827215,7.517278466373511e-09
-5.0,1,sample_average,152,152,20000,0.9,1.0,0.0,0.0,0.00019203605610462553,0.0,0.0,0.00019203605610462553,,45.71655,0.9698052900678217,0.0,0.0
-5.0,1,constant_alpha,152,152,20000,0.9,1.0,1.0,0.9998079639438954,0.9999999999999999,1.0,0.9998079639438954,0.9999999999999999,0.0,1.28345,0.07255938764800005,0.999999996994613,3.0053870503365943e-09
-5.0,1,sample_average,156,156,20000,0.9,1.0,0.0,0.0,0.00019203605610462553,0.0,0.0,0.00019203605610462553,,41.90285,0.9698337111451875,0.0,0.0
-5.0,1,constant_alpha,156,156,20000,0.9,1.0,1.0,0.9998079639438954,0.9999999999999999,1.0,0.9998079639438954,0.9999999999999999,0.0,1.09715,0.03724621158400004,0.9999999995858807,4.1411929441181883e-10
-5.0,1,sample_average,160,160,20000,0.9,1.0,0.0,0.0,0.00019203605610462553,0.0,0.0,0.00019203605610462553,,38.07955,0.96986060066584,0.0,0.0
-5.0,1,constant_alpha,160,160,20000,0.9,1.0,1.0,0.9998079639438954,0.9999999999999999,1.0,0.9998079639438954,0.9999999999999999,0.0,0.92045,0.0020262906880000394,0.9999999999546405,4.535949393869032e-11
-5.0,1,sample_average,164,164,20000,0.9,1.0,0.0,0.0,0.00019203605610462553,0.0,0.0,0.00019203605610462553,,34.24135,0.9698852099248435,0.0,0.0
-5.0,1,constant_alpha,164,164,20000,0.9,1.0,1.0,0.9998079639438954,0.9999999999999999,1.0,0.9998079639438954,0.9999999999999999,0.0,0.75865,-0.030539148031999957,0.9999999999962434,3.75655062612168e-12
-5.0,1,sample_average,168,168,20000,0.9,1.0,0.0,0.0,0.00019203605610462553,0.0,0.0,0.00019203605610462553,,30.39665,0.9699087753193198,0.0,0.0
-5.0,1,constant_alpha,168,168,20000,0.9,1.0,1.0,0.9998079639438954,0.9999999999999999,1.0,0.9998079639438954,0.9999999999999999,0.0,0.60335,-0.06329600383999996,0.9999999999997805,2.1949109196839345e-13
-5.0,1,sample_average,172,172,20000,0.9,1.0,0.0,0.0,0.00019203605610462553,0.0,0.0,0.00019203605610462553,,26.51825,0.9699272036580647,0.0,0.0
-5.0,1,constant_alpha,172,172,20000,0.9,1.0,1.0,0.9998079639438954,0.9999999999999999,1.0,0.9998079639438954,0.9999999999999999,0.0,0.48175,-0.08958895999999997,0.9999999999999916,8.43769498715119e-15
-5.0,1,sample_average,176,176,20000,0.9,1.0,0.0,0.0,0.00019203605610462553,0.0,0.0,0.00019203605610462553,,22.6431,0.9699461105971626,0.0,0.0
-5.0,1,constant_alpha,176,176,20000,0.9,1.0,1.0,0.9998079639438954,0.9999999999999999,1.0,0.9998079639438954,0.9999999999999999,0.0,0.3569,-0.11698755199999995,1.0000000000000002,-2.220446049250313e-16
-5.0,1,sample_average,180,180,20000,0.9,1.0,0.0,0.0,0.00019203605610462553,0.0,0.0,0.00019203605610462553,,18.7406,0.9699608476654689,0.0,0.0
-5.0,1,constant_alpha,180,180,20000,0.9,1.0,1.0,0.9998079639438954,0.9999999999999999,1.0,0.9998079639438954,0.9999999999999999,0.0,0.2594,-0.13919369599999995,1.0,0.0
-5.0,1,sample_average,184,184,20000,0.9,1.0,0.0,0.0,0.00019203605610462553,0.0,0.0,0.00019203605610462553,,14.8179,0.969972524800181,0.0,0.0
-5.0,1,constant_alpha,184,184,20000,0.9,1.0,1.0,0.9998079639438954,0.9999999999999999,1.0,0.9998079639438954,0.9999999999999999,0.0,0.1821,-0.15700985599999995,1.0,0.0
-5.0,1,sample_average,188,188,20000,0.9,1.0,0.0,0.0,0.00019203605610462553,0.0,0.0,0.00019203605610462553,,10.89545,0.9699842309988644,0.0,0.0
-5.0,1,constant_alpha,188,188,20000,0.9,1.0,1.0,0.9998079639438954,0.9999999999999999,1.0,0.9998079639438954,0.9999999999999999,0.0,0.10455,-0.17514847999999994,1.0000000000000002,-2.220446049250313e-16
-5.0,1,sample_average,192,192,20000,0.9,1.0,0.0,0.0,0.00019203605610462553,0.0,0.0,0.00019203605610462553,,6.9474,0.9699920680664512,0.0,0.0
-5.0,1,constant_alpha,192,192,20000,0.9,1.0,1.0,0.9998079639438954,0.9999999999999999,1.0,0.9998079639438954,0.9999999999999999,0.0,0.0526,-0.18744751999999995,1.0,0.0
-5.0,1,sample_average,196,196,20000,0.9,1.0,0.0,0.0,0.00019203605610462553,0.0,0.0,0.00019203605610462553,,2.98315,0.96999745957058,0.0,0.0
-5.0,1,constant_alpha,196,196,20000,0.9,1.0,1.0,0.9998079639438954,0.9999999999999999,1.0,0.9998079639438954,0.9999999999999999,0.0,0.01685,-0.19596319999999995,0.9999999999999999,1.1102230246251565e-16
-5.0,1,sample_average,199,199,20000,0.9,1.0,0.0,0.0,0.00019203605610462553,0.0,0.0,0.00019203605610462553,,0.0,0.97,0.0,0.0
-5.0,1,constant_alpha,199,199,20000,0.9,1.0,1.0,0.9998079639438954,0.9999999999999999,1.0,0.9998079639438954,0.9999999999999999,0.0,0.0,-0.19999999999999996,1.0,0.0
-5.0,3,sample_average,0,0,20000,0.9,1.0,1.0,0.9998079639438954,0.9999999999999999,1.0,0.9998079639438954,0.9999999999999999,2.49855,21.81945,-0.5798282033663451,0.9999999999999987,
-5.0,3,constant_alpha,0,0,20000,0.9,1.0,0.59985,0.5930415116926055,0.6066201387069903,1.0,0.9998079639438954,0.9999999999999999,3.73815,45.57745,0.8969054187046237,0.012990181291984756,
-5.0,3,sample_average,4,4,20000,0.9,1.0,1.0,0.9998079639438954,0.9999999999999999,1.0,0.9998079639438954,0.9999999999999999,6.19945,23.35655,0.6717746222575443,0.9999999999999428,
-5.0,3,constant_alpha,4,4,20000,0.9,1.0,0.6713,0.6647574921261518,0.6777767163210268,1.0,0.9998079639438954,0.9999999999999999,3.7304,39.79205,0.8810779180736307,0.020104261119779098,
-5.0,3,sample_average,8,8,20000,0.9,1.0,1.0,0.9998079639438954,0.9999999999999999,1.0,0.9998079639438954,0.9999999999999999,14.68055,28.03515,0.8363215449588788,0.9999999999977793,
-5.0,3,constant_alpha,8,8,20000,0.9,1.0,0.73695,0.7308029265961145,0.7430060675168975,1.0,0.9998079639438954,0.9999999999999999,3.68845,34.5032,0.8636869982489596,0.030331650873927266,
-5.0,3,sample_average,12,12,20000,0.9,1.0,1.0,0.9998079639438954,0.9999999999999999,1.0,0.9998079639438954,0.9999999999999999,36.15505,41.81295,0.8855469872610018,0.9999999999218367,
-5.0,3,constant_alpha,12,12,20000,0.9,1.0,0.7979,0.7922777084315618,0.8034078764862111,1.0,0.9998079639438954,0.9999999999999999,3.69305,29.9994,0.8466653732780239,0.0446138126318326,
-5.0,3,sample_average,16,16,20000,0.9,1.0,0.0,0.0,0.00019203605610462553,0.0,0.0,0.00019203605610462553,,165.7632,0.9062068069471221,0.9999999975507602,
-5.0,3,constant_alpha,16,16,20000,0.9,1.0,0.8487,0.8436668000752594,0.8535992739792133,1.0,0.9998079639438954,0.9999999999999999,3.67715,26.5777,0.8298077149772649,0.06398093563088697,
-5.0,3,sample_average,20,20,20000,0.9,1.0,0.0,0.0,0.00019203605610462553,0.0,0.0,0.00019203605610462553,,162.5282,0.9223786133605311,0.9999999332131487,
-5.0,3,constant_alpha,20,20,20000,0.9,1.0,0.8919,0.8875211724209285,0.8961283097182967,1.0,0.9998079639438954,0.9999999999999999,3.6512,23.5473,0.8126714322810195,0.08947417566109217,
-5.0,3,sample_average,24,24,20000,0.9,1.0,0.0,0.0,0.00019203605610462553,0.0,0.0,0.00019203605610462553,,159.19725,0.9344842936725165,0.9999984585411905,
-5.0,3,constant_alpha,24,24,20000,0.9,1.0,0.9206,0.9167717608522856,0.9242666984173191,1.0,0.9998079639438954,0.9999999999999999,3.6281,21.41365,0.7978535362538015,0.1220358850117178,
-5.0,3,sample_average,28,28,20000,0.9,1.0,0.0,0.0,0.00019203605610462553,0.0,0.0,0.00019203605610462553,,155.9159,0.9439235397363862,0.999970894205022,
-5.0,3,constant_alpha,28,28,20000,0.9,1.0,0.9489,0.9457610868239016,0.9518665032049275,1.0,0.9998079639438954,0.9999999999999999,3.6161,19.4082,0.78167073342206,0.1623753964691314,
-5.0,3,sample_average,32,32,20000,0.9,1.0,0.0,0.0,0.00019203605610462553,0.0,0.0,0.00019203605610462553,,152.5978,0.9515013369571214,0.99956895970517,
-5.0,3,constant_alpha,32,32,20000,0.9,1.0,0.96785,0.9653140287120415,0.9702062831502613,1.0,0.9998079639438954,0.9999999999999999,3.5999,17.96655,0.7667478684830296,0.21082594030446697,
-5.0,3,sample_average,36,36,20000,0.9,1.0,0.0,0.0,0.00019203605610462553,0.0,0.0,0.00019203605610462553,,149.2469,0.9577204698825881,0.9952504580061932,
-5.0,3,constant_alpha,36,36,20000,0.9,1.0,0.977,0.9748290640527327,0.9789877335497433,1.0,0.9998079639438954,0.9999999999999999,3.5726,16.9808,0.7534842528622128,0.26721532629005534,
-5.0,3,sample_average,39,39,20000,0.9,1.0,0.0,0.0,0.00019203605610462553,0.0,0.0,0.00019203605610462553,,146.73085,0.9616962064649115,0.9772477918124348,
-5.0,3,constant_alpha,39,39,20000,0.9,1.0,0.98455,0.9827452900605639,0.9861686077974651,1.0,0.9998079639438954,0.9999999999999999,3.5678,16.20665,0.7432876121823032,0.3142794821476717,
-5.0,3,sample_average,40,40,20000,0.9,1.0,0.0,0.0,0.00019203605610462553,0.0,0.0,0.00019203605610462553,,145.9238,0.9629091060100221,0.9635421952692625,
-5.0,3,constant_alpha,40,40,20000,0.9,1.0,0.9886,0.9870320416497904,0.9899803007161843,1.0,0.9998079639438954,0.9999999999999999,3.5752,15.89535,0.7389602304596212,0.3307768098757572,
-5.0,3,sample_average,44,44,20000,0.9,1.0,0.0,0.0,0.00019203605610462553,0.0,0.0,0.00019203605610462553,,142.56135,0.967300991859308,0.8199563548371112,
-5.0,3,constant_alpha,44,44,20000,0.9,1.0,0.993,0.9917460998660389,0.9940645525826418,1.0,0.9998079639438954,0.9999999999999999,3.5415,15.1098,0.7269162770421818,0.40012501234128506,
-5.0,3,sample_average,48,48,20000,0.9,1.0,0.0,0.0,0.00019203605610462553,0.0,0.0,0.00019203605610462553,,139.14125,0.9710619070792956,0.4733138264812474,
-5.0,3,constant_alpha,48,48,20000,0.9,1.0,0.99655,0.9956365177601437,0.9972727712325388,1.0,0.9998079639438954,0.9999999999999999,3.5324,14.43405,0.715266904180595,0.4733138264812474,
-5.0,3,sample_average,50,50,20000,0.9,1.0,0.0,0.0,0.00019203605610462553,0.0,0.0,0.00019203605610462553,,137.44645,0.9727424052316738,0.2708226612030003,
-5.0,3,constant_alpha,50,50,20000,0.9,1.0,0.99675,0.9958601321753175,0.9974490800029425,1.0,0.9998079639438954,0.9999999999999999,3.5156,14.13125,0.7100668827177211,0.5106206222013961,
-5.0,3,sample_average,52,52,20000,0.9,1.0,0.0,0.0,0.00019203605610462553,0.0,0.0,0.00019203605610462553,,135.73515,0.9743083968979077,0.11495834988843572,
-5.0,3,constant_alpha,52,52,20000,0.9,1.0,0.99765,0.9968766742912981,0.998232192222061,1.0,0.9998079639438954,0.9999999999999999,3.5112,13.81195,0.7051310050128786,0.5479795344654841,
-5.0,3,sample_average,56,56,20000,0.9,1.0,0.0,0.0,0.00019203605610462553,0.0,0.0,0.00019203605610462553,,132.3501,0.9771310653449029,0.004688983106637242,
-5.0,3,constant_alpha,56,56,20000,0.9,1.0,0.9994,0.9989514644540893,0.9996567299330732,1.0,0.9998079639438954,0.9999999999999999,3.4902,13.17975,0.6946022125262651,0.6215554154760285,
-5.0,3,sample_average,60,60,20000,0.9,1.0,0.0,0.0,0.00019203605610462553,0.0,0.0,0.00019203605610462553,,128.87995,0.9796096350094332,0.0,
-5.0,3,constant_alpha,60,60,20000,0.9,1.0,0.99975,0.9994148495964674,0.9998932103654561,1.0,0.9998079639438954,0.9999999999999999,3.49295,12.63535,0.686593230867424,0.6915279345588825,
-5.0,3,sample_average,64,64,20000,0.9,1.0,0.0,0.0,0.00019203605610462553,0.0,0.0,0.00019203605610462553,,125.4729,0.9817872522422738,0.0,
-5.0,3,constant_alpha,64,64,20000,0.9,1.0,0.99975,0.9994148495964674,0.9998932103654561,1.0,0.9998079639438954,0.9999999999999999,3.4663,12.06595,0.6789489264247849,0.7556936242279194,
-5.0,3,sample_average,68,68,20000,0.9,1.0,0.0,0.0,0.00019203605610462553,0.0,0.0,0.00019203605610462553,,122.0095,0.9837181173607021,0.0,
-5.0,3,constant_alpha,68,68,20000,0.9,1.0,0.9999,0.9996354263863794,0.9999725759647273,1.0,0.9998079639438954,0.9999999999999999,3.45605,11.53715,0.6722808299208743,0.8123734762373273,
-5.0,3,sample_average,72,72,20000,0.9,1.0,0.0,0.0,0.00019203605610462553,0.0,0.0,0.00019203605610462553,,118.5323,0.9854347842574356,0.0,
-5.0,3,constant_alpha,72,72,20000,0.9,1.0,1.0,0.9998079639438954,0.9999999999999999,1.0,0.9998079639438954,0.9999999999999999,3.442,11.0257,0.667504900191696,0.860549302026026,
-5.0,3,sample_average,76,76,20000,0.9,1.0,0.0,0.0,0.00019203605610462553,0.0,0.0,0.00019203605610462553,,114.99975,0.9869696648302629,0.0,
-5.0,3,constant_alpha,76,76,20000,0.9,1.0,1.0,0.9998079639438954,0.9999999999999999,1.0,0.9998079639438954,0.9999999999999999,3.4203,10.57995,0.6644637055840416,0.8999024967859279,
-5.0,3,sample_average,80,80,20000,0.9,1.0,0.0,0.0,0.00019203605610462553,0.0,0.0,0.00019203605610462553,,111.53925,0.9883366969622636,0.0,
-5.0,3,constant_alpha,80,80,20000,0.9,1.0,1.0,0.9998079639438954,0.9999999999999999,1.0,0.9998079639438954,0.9999999999999999,3.40935,10.0514,0.6625814982297021,0.9307558465954014,
-5.0,3,sample_average,84,84,20000,0.9,1.0,0.0,0.0,0.00019203605610462553,0.0,0.0,0.00019203605610462553,,107.99395,0.9895686998041899,0.0,
-5.0,3,constant_alpha,84,84,20000,0.9,1.0,1.0,0.9998079639438954,0.9999999999999999,1.0,0.9998079639438954,0.9999999999999999,3.38685,9.6192,0.6621945667256829,0.9539380866930488,
-5.0,3,sample_average,88,88,20000,0.9,1.0,0.0,0.0,0.00019203605610462553,0.0,0.0,0.00019203605610462553,,104.4612,0.9906747486557266,0.0,
-5.0,3,constant_alpha,88,88,20000,0.9,1.0,1.0,0.9998079639438954,0.9999999999999999,1.0,0.9998079639438954,0.9999999999999999,3.3753,9.1635,0.662938869764516,0.9706039589392789,
-5.0,3,sample_average,92,92,20000,0.9,1.0,0.0,0.0,0.00019203605610462553,0.0,0.0,0.00019203605610462553,,100.89015,0.9916731779334492,0.0,
-5.0,3,constant_alpha,92,92,20000,0.9,1.0,1.0,0.9998079639438954,0.9999999999999999,1.0,0.9998079639438954,0.9999999999999999,3.35975,8.7501,0.665201324155858,0.9820466612465875,
-5.0,3,sample_average,96,96,20000,0.9,1.0,0.0,0.0,0.00019203605610462553,0.0,0.0,0.00019203605610462553,,97.3469,0.9925712923924057,0.0,
-5.0,3,constant_alpha,96,96,20000,0.9,1.0,1.0,0.9998079639438954,0.9999999999999999,1.0,0.9998079639438954,0.9999999999999999,3.34865,8.30445,0.6696991745106253,0.989534783643787,
-5.0,3,sample_average,100,100,20000,0.9,1.0,0.0,0.0,0.00019203605610462553,0.0,0.0,0.00019203605610462553,,93.7377,0.9933863721359794,0.0,
-5.0,3,constant_alpha,100,100,20000,0.9,1.0,1.0,0.9998079639438954,0.9999999999999999,1.0,0.9998079639438954,0.9999999999999999,3.33775,7.92455,0.6743176062140727,0.9941946151558629,
-5.0,3,sample_average,104,104,20000,0.9,1.0,0.0,0.0,0.00019203605610462553,0.0,0.0,0.00019203605610462553,,90.17635,0.9941194744142987,0.0,
-5.0,3,constant_alpha,104,104,20000,0.9,1.0,1.0,0.9998079639438954,0.9999999999999999,1.0,0.9998079639438954,0.9999999999999999,3.32175,7.5019,0.6822159040130693,0.9969450776065167,
-5.0,3,sample_average,108,108,20000,0.9,1.0,0.0,0.0,0.00019203605610462553,0.0,0.0,0.00019203605610462553,,86.53165,0.9947874240060137,0.0,
-5.0,3,constant_alpha,108,108,20000,0.9,1.0,1.0,0.9998079639438954,0.9999999999999999,1.0,0.9998079639438954,0.9999999999999999,3.30265,7.1657,0.6892785420623261,0.9984804724863652,
-5.0,3,sample_average,112,112,20000,0.9,1.0,0.0,0.0,0.00019203605610462553,0.0,0.0,0.00019203605610462553,,82.9197,0.9953892518358458,0.0,
-5.0,3,constant_alpha,112,112,20000,0.9,1.0,1.0,0.9998079639438954,0.9999999999999999,1.0,0.9998079639438954,0.9999999999999999,3.28495,6.79535,0.6983677936901739,0.9992884215135158,
-5.0,3,sample_average,116,116,20000,0.9,1.0,0.0,0.0,0.00019203605610462553,0.0,0.0,0.00019203605610462553,,79.25485,0.9959364681315231,0.0,
-5.0,3,constant_alpha,116,116,20000,0.9,1.0,1.0,0.9998079639438954,0.9999999999999999,1.0,0.9998079639438954,0.9999999999999999,3.2767,6.46845,0.7074993858245558,0.9996876916439007,
-5.0,3,sample_average,120,120,20000,0.9,1.0,0.0,0.0,0.00019203605610462553,0.0,0.0,0.00019203605610462553,,75.5977,0.9964305583549183,0.0,
-5.0,3,constant_alpha,120,120,20000,0.9,1.0,1.0,0.9998079639438954,0.9999999999999999,1.0,0.9998079639438954,0.9999999999999999,3.255,6.1473,0.7179434999875896,0.9998721924478345,
-5.0,3,sample_average,124,124,20000,0.9,1.0,0.0,0.0,0.00019203605610462553,0.0,0.0,0.00019203605610462553,,71.90365,0.996878765540091,0.0,
-5.0,3,constant_alpha,124,124,20000,0.9,1.0,1.0,0.9998079639438954,0.9999999999999999,1.0,0.9998079639438954,0.9999999999999999,3.25005,5.8463,0.728992120580355,0.9999515191580883,
-5.0,3,sample_average,128,128,20000,0.9,1.0,0.0,0.0,0.00019203605610462553,0.0,0.0,0.00019203605610462553,,68.2154,0.9972827950820029,0.0,
-5.0,3,constant_alpha,128,128,20000,0.9,1.0,1.0,0.9998079639438954,0.9999999999999999,1.0,0.9998079639438954,0.9999999999999999,3.2362,5.5484,0.7409615150273661,0.9999830707662449,
-5.0,3,sample_average,132,132,20000,0.9,1.0,0.0,0.0,0.00019203605610462553,0.0,0.0,0.00019203605610462553,,64.49735,0.9976482048794183,0.0,
-5.0,3,constant_alpha,132,132,20000,0.9,1.0,1.0,0.9998079639438954,0.9999999999999999,1.0,0.9998079639438954,0.9999999999999999,3.2231,5.27955,0.7524560307245548,0.9999946017529044,
-5.0,3,sample_average,136,136,20000,0.9,1.0,0.0,0.0,0.00019203605610462553,0.0,0.0,0.00019203605610462553,,60.76345,0.9979774681815045,0.0,
-5.0,3,constant_alpha,136,136,20000,0.9,1.0,1.0,0.9998079639438954,0.9999999999999999,1.0,0.9998079639438954,0.9999999999999999,3.21405,5.0225,0.7648871906083472,0.9999984431073005,
-5.0,3,sample_average,140,140,20000,0.9,1.0,0.0,0.0,0.00019203605610462553,0.0,0.0,0.00019203605610462553,,57.03265,0.9982726552539102,0.0,
-5.0,3,constant_alpha,140,140,20000,0.9,1.0,1.0,0.9998079639438954,0.9999999999999999,1.0,0.9998079639438954,0.9999999999999999,3.195,4.77235,0.7770346764943361,0.9999995985201069,
-5.0,3,sample_average,144,144,20000,0.9,1.0,0.0,0.0,0.00019203605610462553,0.0,0.0,0.00019203605610462553,,53.2587,0.998538372852974,0.0,
-5.0,3,constant_alpha,144,144,20000,0.9,1.0,1.0,0.9998079639438954,0.9999999999999999,1.0,0.9998079639438954,0.9999999999999999,3.1815,4.5598,0.7882923960156161,0.9999999087158076,
-5.0,3,sample_average,148,148,20000,0.9,1.0,0.0,0.0,0.00019203605610462553,0.0,0.0,0.00019203605610462553,,49.49755,0.9987746152621159,0.0,
-5.0,3,constant_alpha,148,148,20000,0.9,1.0,1.0,0.9998079639438954,0.9999999999999999,1.0,0.9998079639438954,0.9999999999999999,3.1737,4.32875,0.8009156636753921,0.9999999820132695,
-5.0,3,sample_average,150,150,20000,0.9,1.0,0.0,0.0,0.00019203605610462553,0.0,0.0,0.00019203605610462553,,47.6132,0.9988827277063956,0.0,
-5.0,3,constant_alpha,150,150,20000,0.9,1.0,1.0,0.9998079639438954,0.9999999999999999,1.0,0.9998079639438954,0.9999999999999999,3.16275,4.22405,0.8068850556928,0.9999999924827215,
-5.0,3,sample_average,152,152,20000,0.9,1.0,0.0,0.0,0.00019203605610462553,0.0,0.0,0.00019203605610462553,,45.71655,0.9989848393466063,0.0,
-5.0,3,constant_alpha,152,152,20000,0.9,1.0,1.0,0.9998079639438954,0.9999999999999999,1.0,0.9998079639438954,0.9999999999999999,3.15505,4.1284,0.8123868150169601,0.999999996994613,
-5.0,3,sample_average,156,156,20000,0.9,1.0,0.0,0.0,0.00019203605610462553,0.0,0.0,0.00019203605610462553,,41.90285,0.9991712888811751,0.0,
-5.0,3,constant_alpha,156,156,20000,0.9,1.0,1.0,0.9998079639438954,0.9999999999999999,1.0,0.9998079639438954,0.9999999999999999,3.14025,3.9569,0.82252481032192,0.9999999995858807,
-5.0,3,sample_average,160,160,20000,0.9,1.0,0.0,0.0,0.00019203605610462553,0.0,0.0,0.00019203605610462553,,38.07955,0.9993348482416082,0.0,
-5.0,3,constant_alpha,160,160,20000,0.9,1.0,1.0,0.9998079639438954,0.9999999999999999,1.0,0.9998079639438954,0.9999999999999999,3.133,3.78745,0.83301141778432,0.9999999999546405,
-5.0,3,sample_average,164,164,20000,0.9,1.0,0.0,0.0,0.00019203605610462553,0.0,0.0,0.00019203605610462553,,34.24135,0.99947724884197,0.0,
-5.0,3,constant_alpha,164,164,20000,0.9,1.0,1.0,0.9998079639438954,0.9999999999999999,1.0,0.9998079639438954,0.9999999999999999,3.1135,3.64515,0.8419031654809601,0.9999999999962434,
-5.0,3,sample_average,168,168,20000,0.9,1.0,0.0,0.0,0.00019203605610462553,0.0,0.0,0.00019203605610462553,,30.39665,0.9995996854854309,0.0,
-5.0,3,constant_alpha,168,168,20000,0.9,1.0,1.0,0.9998079639438954,0.9999999999999999,1.0,0.9998079639438954,0.9999999999999999,3.0979,3.50545,0.8508779677696002,0.9999999999997805,
-5.0,3,sample_average,172,172,20000,0.9,1.0,0.0,0.0,0.00019203605610462553,0.0,0.0,0.00019203605610462553,,26.51825,0.9997040339441042,0.0,
-5.0,3,constant_alpha,172,172,20000,0.9,1.0,1.0,0.9998079639438954,0.9999999999999999,1.0,0.9998079639438954,0.9999999999999999,3.09095,3.3908,0.8583842252800001,0.9999999999999916,
-5.0,3,sample_average,176,176,20000,0.9,1.0,0.0,0.0,0.00019203605610462553,0.0,0.0,0.00019203605610462553,,22.6431,0.9997906665841146,0.0,
-5.0,3,constant_alpha,176,176,20000,0.9,1.0,1.0,0.9998079639438954,0.9999999999999999,1.0,0.9998079639438954,0.9999999999999999,3.08035,3.27655,0.8659608002560002,1.0000000000000002,
-5.0,3,sample_average,180,180,20000,0.9,1.0,0.0,0.0,0.00019203605610462553,0.0,0.0,0.00019203605610462553,,18.7406,0.9998611978347246,0.0,
-5.0,3,constant_alpha,180,180,20000,0.9,1.0,1.0,0.9998079639438954,0.9999999999999999,1.0,0.9998079639438954,0.9999999999999999,3.0654,3.194,0.8715240448000002,1.0,
-5.0,3,sample_average,184,184,20000,0.9,1.0,0.0,0.0,0.00019203605610462553,0.0,0.0,0.00019203605610462553,,14.8179,0.9999163977200275,0.0,
-5.0,3,constant_alpha,184,184,20000,0.9,1.0,1.0,0.9998079639438954,0.9999999999999999,1.0,0.9998079639438954,0.9999999999999999,3.0539,3.1282,0.8760008704000002,1.0,
-5.0,3,sample_average,188,188,20000,0.9,1.0,0.0,0.0,0.00019203605610462553,0.0,0.0,0.00019203605610462553,,10.89545,0.9999569292994325,0.0,
-5.0,3,constant_alpha,188,188,20000,0.9,1.0,1.0,0.9998079639438954,0.9999999999999999,1.0,0.9998079639438954,0.9999999999999999,3.0385,3.06605,0.8802521344,1.0000000000000002,
-5.0,3,sample_average,192,192,20000,0.9,1.0,0.0,0.0,0.00019203605610462553,0.0,0.0,0.00019203605610462553,,6.9474,0.9999838366671765,0.0,
-5.0,3,constant_alpha,192,192,20000,0.9,1.0,1.0,0.9998079639438954,0.9999999999999999,1.0,0.9998079639438954,0.9999999999999999,3.02835,3.02425,0.8831269119999999,1.0,
-5.0,3,sample_average,196,196,20000,0.9,1.0,0.0,0.0,0.00019203605610462553,0.0,0.0,0.00019203605610462553,,2.98315,0.9999977298034551,0.0,
-5.0,3,constant_alpha,196,196,20000,0.9,1.0,0.9833,0.9814289710212476,0.9849854069269215,0.9833,0.9814289710212476,0.9849854069269215,3.0,2.98315,0.8859294400000001,0.9999999999999999,
-5.0,3,sample_average,199,199,20000,0.9,1.0,0.0,0.0,0.00019203605610462553,0.0,0.0,0.00019203605610462553,,0.0,1.0,0.0,
-5.0,3,constant_alpha,199,199,20000,0.9,1.0,0.0,0.0,0.00019203605610462553,0.0,0.0,0.00019203605610462553,,0.0,1.0,1.0,
-5.0,6,sample_average,0,0,20000,0.9,1.0,1.0,0.9998079639438954,0.9999999999999999,1.0,0.9998079639438954,0.9999999999999999,11.18575,27.13225,0.4332624371224334,0.9999999999999987,
-5.0,6,constant_alpha,0,0,20000,0.9,1.0,0.98985,0.9883637275300762,0.9911481347457581,1.0,0.9998079639438954,0.9999999999999999,17.3258,31.3626,0.8087436984432372,0.012990181291984756,
-5.0,6,sample_average,4,4,20000,0.9,1.0,1.0,0.9998079639438954,0.9999999999999999,1.0,0.9998079639438954,0.9999999999999999,95.21045,86.34555,0.8942477987006631,0.9999999999999428,
-5.0,6,constant_alpha,4,4,20000,0.9,1.0,0.99335,0.9921249832429524,0.9943855347804891,1.0,0.9998079639438954,0.9999999999999999,17.2265,30.5509,0.8029404814176135,0.020104261119779098,
-5.0,6,sample_average,8,8,20000,0.9,1.0,0.0,0.0,0.00019203605610462553,0.0,0.0,0.00019203605610462553,,172.2843,0.9347431957341147,0.9999999999977793,
-5.0,6,constant_alpha,8,8,20000,0.9,1.0,0.99695,0.9960844826976206,0.997624652666217,1.0,0.9998079639438954,0.9999999999999999,17.11055,29.7036,0.7970221805839143,0.030331650873927266,
-5.0,6,sample_average,12,12,20000,0.9,1.0,0.0,0.0,0.00019203605610462553,0.0,0.0,0.00019203605610462553,,169.032,0.966088948513678,0.9999999999218367,
-5.0,6,constant_alpha,12,12,20000,0.9,1.0,0.99875,0.9981553047535189,0.9991531392805167,1.0,0.9998079639438954,0.9999999999999999,17.05915,28.9401,0.7917640792892177,0.0446138126318326,
-5.0,6,sample_average,16,16,20000,0.9,1.0,0.0,0.0,0.00019203605610462553,0.0,0.0,0.00019203605610462553,,165.7632,0.9801348909656381,0.9999999975507602,
-5.0,6,constant_alpha,16,16,20000,0.9,1.0,0.99885,0.9982748651476752,0.9992335404791493,1.0,0.9998079639438954,0.9999999999999999,16.9918,28.28085,0.7875464450894261,0.06398093563088697,
-5.0,6,sample_average,20,20,20000,0.9,1.0,0.0,0.0,0.00019203605610462553,0.0,0.0,0.00019203605610462553,,162.5282,0.9874964099323493,0.9999999332131487,
-5.0,6,constant_alpha,20,20,20000,0.9,1.0,0.9997,0.9993455788792479,0.9998625002862812,1.0,0.9998079639438954,0.9999999999999999,16.8986,27.58155,0.7837181234855248,0.08947417566109217,
-5.0,6,sample_average,24,24,20000,0.9,1.0,0.0,0.0,0.00019203605610462553,0.0,0.0,0.00019203605610462553,,159.19725,0.9917510455499139,0.9999984585411905,
-5.0,6,constant_alpha,24,24,20000,0.9,1.0,0.9999,0.9996354263863794,0.9999725759647273,1.0,0.9998079639438954,0.9999999999999999,16.82775,26.9774,0.7808711194725465,0.1220358850117178,
-5.0,6,sample_average,28,28,20000,0.9,1.0,0.0,0.0,0.00019203605610462553,0.0,0.0,0.00019203605610462553,,155.9159,0.9943671271439358,0.999970894205022,
-5.0,6,constant_alpha,28,28,20000,0.9,1.0,0.9999,0.9996354263863794,0.9999725759647273,1.0,0.9998079639438954,0.9999999999999999,16.7328,26.3534,0.7781664073662963,0.1623753964691314,
-5.0,6,sample_average,32,32,20000,0.9,1.0,0.0,0.0,0.00019203605610462553,0.0,0.0,0.00019203605610462553,,152.5978,0.9960559200744854,0.99956895970517,
-5.0,6,constant_alpha,32,32,20000,0.9,1.0,0.9998,0.9994858195143681,0.9999222212439498,1.0,0.9998079639438954,0.9999999999999999,16.6543,25.7529,0.7765241372967855,0.21082594030446697,
-5.0,6,sample_average,36,36,20000,0.9,1.0,0.0,0.0,0.00019203605610462553,0.0,0.0,0.00019203605610462553,,149.2469,0.9971850220101584,0.9952504580061932,
-5.0,6,constant_alpha,36,36,20000,0.9,1.0,1.0,0.9998079639438954,0.9999999999999999,1.0,0.9998079639438954,0.9999999999999999,16.58275,25.17035,0.7754275611803345,0.26721532629005534,
-5.0,6,sample_average,39,39,20000,0.9,1.0,0.0,0.0,0.00019203605610462553,0.0,0.0,0.00019203605610462553,,146.73085,0.9977917979669645,0.9772477918124348,
-5.0,6,constant_alpha,39,39,20000,0.9,1.0,1.0,0.9998079639438954,0.9999999999999999,1.0,0.9998079639438954,0.9999999999999999,16.52325,24.7459,0.7751453325521193,0.3142794821476717,
-5.0,6,sample_average,40,40,20000,0.9,1.0,0.0,0.0,0.00019203605610462553,0.0,0.0,0.00019203605610462553,,145.9238,0.9979592643342748,0.9635421952692625,
-5.0,6,constant_alpha,40,40,20000,0.9,1.0,1.0,0.9998079639438954,0.9999999999999999,1.0,0.9998079639438954,0.9999999999999999,16.5065,24.5697,0.7749313400789569,0.3307768098757572,
-5.0,6,sample_average,44,44,20000,0.9,1.0,0.0,0.0,0.00019203605610462553,0.0,0.0,0.00019203605610462553,,142.56135,0.9985031835853792,0.8199563548371112,
-5.0,6,constant_alpha,44,44,20000,0.9,1.0,1.0,0.9998079639438954,0.9999999999999999,1.0,0.9998079639438954,0.9999999999999999,16.4458,23.99285,0.7754472570704969,0.40012501234128506,
-5.0,6,sample_average,48,48,20000,0.9,1.0,0.0,0.0,0.00019203605610462553,0.0,0.0,0.00019203605610462553,,139.14125,0.9988923745917189,0.4733138264812474,
-5.0,6,constant_alpha,48,48,20000,0.9,1.0,1.0,0.9998079639438954,0.9999999999999999,1.0,0.9998079639438954,0.9999999999999999,16.35175,23.507,0.7760912590382691,0.4733138264812474,
-5.0,6,sample_average,50,50,20000,0.9,1.0,0.0,0.0,0.00019203605610462553,0.0,0.0,0.00019203605610462553,,137.44645,0.9990441209792863,0.2708226612030003,
-5.0,6,constant_alpha,50,50,20000,0.9,1.0,1.0,0.9998079639438954,0.9999999999999999,1.0,0.9998079639438954,0.9999999999999999,16.3131,23.24045,0.7766129406659104,0.5106206222013961,
-5.0,6,sample_average,52,52,20000,0.9,1.0,0.0,0.0,0.00019203605610462553,0.0,0.0,0.00019203605610462553,,135.73515,0.999173871303719,0.11495834988843572,
-5.0,6,constant_alpha,52,52,20000,0.9,1.0,1.0,0.9998079639438954,0.9999999999999999,1.0,0.9998079639438954,0.9999999999999999,16.2796,22.98525,0.7775241968878569,0.5479795344654841,
-5.0,6,sample_average,56,56,20000,0.9,1.0,0.0,0.0,0.00019203605610462553,0.0,0.0,0.00019203605610462553,,132.3501,0.9993798176765929,0.004688983106637242,
-5.0,6,constant_alpha,56,56,20000,0.9,1.0,1.0,0.9998079639438954,0.9999999999999999,1.0,0.9998079639438954,0.9999999999999999,16.21915,22.43075,0.7796903602460655,0.6215554154760285,
-5.0,6,sample_average,60,60,20000,0.9,1.0,0.0,0.0,0.00019203605610462553,0.0,0.0,0.00019203605610462553,,128.87995,0.9995328726961834,0.0,
-5.0,6,constant_alpha,60,60,20000,0.9,1.0,1.0,0.9998079639438954,0.9999999999999999,1.0,0.9998079639438954,0.9999999999999999,16.15705,21.963,0.7820085537022513,0.6915279345588825,
-5.0,6,sample_average,64,64,20000,0.9,1.0,0.0,0.0,0.00019203605610462553,0.0,0.0,0.00019203605610462553,,125.4729,0.9996464724402877,0.0,
-5.0,6,constant_alpha,64,64,20000,0.9,1.0,1.0,0.9998079639438954,0.9999999999999999,1.0,0.9998079639438954,0.9999999999999999,16.07635,21.45075,0.7852455581066689,0.7556936242279194,
-5.0,6,sample_average,68,68,20000,0.9,1.0,0.0,0.0,0.00019203605610462553,0.0,0.0,0.00019203605610462553,,122.0095,0.9997320430928636,0.0,
-5.0,6,constant_alpha,68,68,20000,0.9,1.0,1.0,0.9998079639438954,0.9999999999999999,1.0,0.9998079639438954,0.9999999999999999,15.9936,20.9969,0.788358045984258,0.8123734762373273,
-5.0,6,sample_average,72,72,20000,0.9,1.0,0.0,0.0,0.00019203605610462553,0.0,0.0,0.00019203605610462553,,118.5323,0.9997966164754909,0.0,
-5.0,6,constant_alpha,72,72,20000,0.9,1.0,1.0,0.9998079639438954,0.9999999999999999,1.0,0.9998079639438954,0.9999999999999999,15.9287,20.539,0.7923655310828616,0.860549302026026,
-5.0,6,sample_average,76,76,20000,0.9,1.0,0.0,0.0,0.00019203605610462553,0.0,0.0,0.00019203605610462553,,114.99975,0.9998457087963936,0.0,
-5.0,6,constant_alpha,76,76,20000,0.9,1.0,1.0,0.9998079639438954,0.9999999999999999,1.0,0.9998079639438954,0.9999999999999999,15.8691,20.13115,0.7961716944156858,0.8999024967859279,
-5.0,6,sample_average,80,80,20000,0.9,1.0,0.0,0.0,0.00019203605610462553,0.0,0.0,0.00019203605610462553,,111.53925,0.9998827458515578,0.0,
-5.0,6,constant_alpha,80,80,20000,0.9,1.0,1.0,0.9998079639438954,0.9999999999999999,1.0,0.9998079639438954,0.9999999999999999,15.77615,19.6846,0.8010250701215644,0.9307558465954014,
-5.0,6,sample_average,84,84,20000,0.9,1.0,0.0,0.0,0.00019203605610462553,0.0,0.0,0.00019203605610462553,,107.99395,0.9999111494873274,0.0,
-5.0,6,constant_alpha,84,84,20000,0.9,1.0,1.0,0.9998079639438954,0.9999999999999999,1.0,0.9998079639438954,0.9999999999999999,15.71725,19.2888,0.8055813217132152,0.9539380866930488,
-5.0,6,sample_average,88,88,20000,0.9,1.0,0.0,0.0,0.00019203605610462553,0.0,0.0,0.00019203605610462553,,104.4612,0.9999327560606663,0.0,
-5.0,6,constant_alpha,88,88,20000,0.9,1.0,1.0,0.9998079639438954,0.9999999999999999,1.0,0.9998079639438954,0.9999999999999999,15.64895,18.88985,0.8105601183532182,0.9706039589392789,
-5.0,6,sample_average,92,92,20000,0.9,1.0,0.0,0.0,0.00019203605610462553,0.0,0.0,0.00019203605610462553,,100.89015,0.9999492822933884,0.0,
-5.0,6,constant_alpha,92,92,20000,0.9,1.0,1.0,0.9998079639438954,0.9999999999999999,1.0,0.9998079639438954,0.9999999999999999,15.601,18.50885,0.8156582452971843,0.9820466612465875,
-5.0,6,sample_average,96,96,20000,0.9,1.0,0.0,0.0,0.00019203605610462553,0.0,0.0,0.00019203605610462553,,97.3469,0.9999618296729427,0.0,
-5.0,6,constant_alpha,96,96,20000,0.9,1.0,1.0,0.9998079639438954,0.9999999999999999,1.0,0.9998079639438954,0.9999999999999999,15.5222,18.1309,0.8211454914359577,0.989534783643787,
-5.0,6,sample_average,100,100,20000,0.9,1.0,0.0,0.0,0.00019203605610462553,0.0,0.0,0.00019203605610462553,,93.7377,0.9999714475938705,0.0,
-5.0,6,constant_alpha,100,100,20000,0.9,1.0,1.0,0.9998079639438954,0.9999999999999999,1.0,0.9998079639438954,0.9999999999999999,15.4463,17.816,0.8258271205550678,0.9941946151558629,
-5.0,6,sample_average,104,104,20000,0.9,1.0,0.0,0.0,0.00019203605610462553,0.0,0.0,0.00019203605610462553,,90.17635,0.9999787052665783,0.0,
-5.0,6,constant_alpha,104,104,20000,0.9,1.0,1.0,0.9998079639438954,0.9999999999999999,1.0,0.9998079639438954,0.9999999999999999,15.3758,17.44785,0.8317026366610178,0.9969450776065167,
-5.0,6,sample_average,108,108,20000,0.9,1.0,0.0,0.0,0.00019203605610462553,0.0,0.0,0.00019203605610462553,,86.53165,0.9999842561931138,0.0,
-5.0,6,constant_alpha,108,108,20000,0.9,1.0,1.0,0.9998079639438954,0.9999999999999999,1.0,0.9998079639438954,0.9999999999999999,15.31275,17.1556,0.8365338942063095,0.9984804724863652,
-5.0,6,sample_average,112,112,20000,0.9,1.0,0.0,0.0,0.00019203605610462553,0.0,0.0,0.00019203605610462553,,82.9197,0.999988422906772,0.0,
-5.0,6,constant_alpha,112,112,20000,0.9,1.0,1.0,0.9998079639438954,0.9999999999999999,1.0,0.9998079639438954,0.9999999999999999,15.26065,16.81965,0.842245721455338,0.9992884215135158,
-5.0,6,sample_average,116,116,20000,0.9,1.0,0.0,0.0,0.00019203605610462553,0.0,0.0,0.00019203605610462553,,79.25485,0.9999915715218624,0.0,
-5.0,6,constant_alpha,116,116,20000,0.9,1.0,1.0,0.9998079639438954,0.9999999999999999,1.0,0.9998079639438954,0.9999999999999999,15.1861,16.55905,0.8467971273323809,0.9996876916439007,
-5.0,6,sample_average,120,120,20000,0.9,1.0,0.0,0.0,0.00019203605610462553,0.0,0.0,0.00019203605610462553,,75.5977,0.9999939164262427,0.0,
-5.0,6,constant_alpha,120,120,20000,0.9,1.0,1.0,0.9998079639438954,0.9999999999999999,1.0,0.9998079639438954,0.9999999999999999,15.11555,16.28675,0.8517403432278711,0.9998721924478345,
-5.0,6,sample_average,124,124,20000,0.9,1.0,0.0,0.0,0.00019203605610462553,0.0,0.0,0.00019203605610462553,,71.90365,0.9999956620035746,0.0,
-5.0,6,constant_alpha,124,124,20000,0.9,1.0,1.0,0.9998079639438954,0.9999999999999999,1.0,0.9998079639438954,0.9999999999999999,15.0545,16.04185,0.8562592805408931,0.9999515191580883,
-5.0,6,sample_average,128,128,20000,0.9,1.0,0.0,0.0,0.00019203605610462553,0.0,0.0,0.00019203605610462553,,68.2154,0.9999969427135631,0.0,
-5.0,6,constant_alpha,128,128,20000,0.9,1.0,1.0,0.9998079639438954,0.9999999999999999,1.0,0.9998079639438954,0.9999999999999999,14.99525,15.78935,0.8610364381772302,0.9999830707662449,
-5.0,6,sample_average,132,132,20000,0.9,1.0,0.0,0.0,0.00019203605610462553,0.0,0.0,0.00019203605610462553,,64.49735,0.9999978784621377,0.0,
-5.0,6,constant_alpha,132,132,20000,0.9,1.0,1.0,0.9998079639438954,0.9999999999999999,1.0,0.9998079639438954,0.9999999999999999,14.9471,15.55555,0.8655221023767895,0.9999946017529044,
-5.0,6,sample_average,136,136,20000,0.9,1.0,0.0,0.0,0.00019203605610462553,0.0,0.0,0.00019203605610462553,,60.76345,0.999998552500977,0.0,
-5.0,6,constant_alpha,136,136,20000,0.9,1.0,1.0,0.9998079639438954,0.9999999999999999,1.0,0.9998079639438954,0.9999999999999999,14.8742,15.36235,0.8693070664381277,0.9999984431073005,
-5.0,6,sample_average,140,140,20000,0.9,1.0,0.0,0.0,0.00019203605610462553,0.0,0.0,0.00019203605610462553,,57.03265,0.9999990304478306,0.0,
-5.0,6,constant_alpha,140,140,20000,0.9,1.0,1.0,0.9998079639438954,0.9999999999999999,1.0,0.9998079639438954,0.9999999999999999,14.8096,15.15775,0.8733143964286372,0.9999995985201069,
-5.0,6,sample_average,144,144,20000,0.9,1.0,0.0,0.0,0.00019203605610462553,0.0,0.0,0.00019203605610462553,,53.2587,0.9999993664914837,0.0,
-5.0,6,constant_alpha,144,144,20000,0.9,1.0,1.0,0.9998079639438954,0.9999999999999999,1.0,0.9998079639438954,0.9999999999999999,14.75785,14.98345,0.8767950669163586,0.9999999087158076,
-5.0,6,sample_average,148,148,20000,0.9,1.0,0.0,0.0,0.00019203605610462553,0.0,0.0,0.00019203605610462553,,49.49755,0.9999995961443372,0.0,
-5.0,6,constant_alpha,148,148,20000,0.9,1.0,1.0,0.9998079639438954,0.9999999999999999,1.0,0.9998079639438954,0.9999999999999999,14.69395,14.8085,0.8803062302662218,0.9999999820132695,
-5.0,6,sample_average,150,150,20000,0.9,1.0,0.0,0.0,0.00019203605610462553,0.0,0.0,0.00019203605610462553,,47.6132,0.9999996811690267,0.0,
-5.0,6,constant_alpha,150,150,20000,0.9,1.0,1.0,0.9998079639438954,0.9999999999999999,1.0,0.9998079639438954,0.9999999999999999,14.66195,14.72485,0.8819917522280449,0.9999999924827215,
-5.0,6,sample_average,152,152,20000,0.9,1.0,0.0,0.0,0.00019203605610462553,0.0,0.0,0.00019203605610462553,,45.71655,0.9999997506542859,0.0,
-5.0,6,constant_alpha,152,152,20000,0.9,1.0,1.0,0.9998079639438954,0.9999999999999999,1.0,0.9998079639438954,0.9999999999999999,14.624,14.65945,0.8833126762549338,0.999999996994613,
-5.0,6,sample_average,156,156,20000,0.9,1.0,0.0,0.0,0.00019203605610462553,0.0,0.0,0.00019203605610462553,,41.90285,0.9999998520428056,0.0,
-5.0,6,constant_alpha,156,156,20000,0.9,1.0,1.0,0.9998079639438954,0.9999999999999999,1.0,0.9998079639438954,0.9999999999999999,14.57525,14.5219,0.8861099085062495,0.9999999995858807,
-5.0,6,sample_average,160,160,20000,0.9,1.0,0.0,0.0,0.00019203605610462553,0.0,0.0,0.00019203605610462553,,38.07955,0.9999999161330237,0.0,
-5.0,6,constant_alpha,160,160,20000,0.9,1.0,1.0,0.9998079639438954,0.9999999999999999,1.0,0.9998079639438954,0.9999999999999999,14.5203,14.40015,0.8885951336973296,0.9999999999546405,
-5.0,6,sample_average,164,164,20000,0.9,1.0,0.0,0.0,0.00019203605610462553,0.0,0.0,0.00019203605610462553,,34.24135,0.9999999551258149,0.0,
-5.0,6,constant_alpha,164,164,20000,0.9,1.0,1.0,0.9998079639438954,0.9999999999999999,1.0,0.9998079639438954,0.9999999999999999,14.4578,14.30085,0.8906276672518368,0.9999999999962434,
-5.0,6,sample_average,168,168,20000,0.9,1.0,0.0,0.0,0.00019203605610462553,0.0,0.0,0.00019203605610462553,,30.39665,0.999999977646185,0.0,
-5.0,6,constant_alpha,168,168,20000,0.9,1.0,1.0,0.9998079639438954,0.9999999999999999,1.0,0.9998079639438954,0.9999999999999999,14.3931,14.21025,0.8924874336987471,0.9999999999997805,
-5.0,6,sample_average,172,172,20000,0.9,1.0,0.0,0.0,0.00019203605610462553,0.0,0.0,0.00019203605610462553,,26.51825,0.9999999899051342,0.0,
-5.0,6,constant_alpha,172,172,20000,0.9,1.0,1.0,0.9998079639438954,0.9999999999999999,1.0,0.9998079639438954,0.9999999999999999,14.3444,14.13735,0.893985873241433,0.9999999999999916,
-5.0,6,sample_average,176,176,20000,0.9,1.0,0.0,0.0,0.00019203605610462553,0.0,0.0,0.00019203605610462553,,22.6431,0.9999999959828514,0.0,
-5.0,6,constant_alpha,176,176,20000,0.9,1.0,1.0,0.9998079639438954,0.9999999999999999,1.0,0.9998079639438954,0.9999999999999999,14.2808,14.0761,0.895248415546805,1.0000000000000002,
-5.0,6,sample_average,180,180,20000,0.9,1.0,0.0,0.0,0.00019203605610462553,0.0,0.0,0.00019203605610462553,,18.7406,0.9999999986754249,0.0,
-5.0,6,constant_alpha,180,180,20000,0.9,1.0,1.0,0.9998079639438954,0.9999999999999999,1.0,0.9998079639438954,0.9999999999999999,14.2254,14.034,0.8961161411211942,1.0,
-5.0,6,sample_average,184,184,20000,0.9,1.0,0.0,0.0,0.00019203605610462553,0.0,0.0,0.00019203605610462553,,14.8179,0.9999999996737748,0.0,
-5.0,6,constant_alpha,184,184,20000,0.9,1.0,0.9866,0.9849104559230035,0.9881026545871956,0.9866,0.9849104559230035,0.9881026545871956,14.151986620717617,13.99035,0.8970106145825982,1.0,
-5.0,6,sample_average,188,188,20000,0.9,1.0,0.0,0.0,0.00019203605610462553,0.0,0.0,0.00019203605610462553,,10.89545,0.9999999999518133,0.0,
-5.0,6,constant_alpha,188,188,20000,0.9,1.0,0.0,0.0,0.00019203605610462553,0.0,0.0,0.00019203605610462553,,10.89545,0.955025922516582,1.0000000000000002,
-5.0,6,sample_average,192,192,20000,0.9,1.0,0.0,0.0,0.00019203605610462553,0.0,0.0,0.00019203605610462553,,6.9474,0.9999999999979009,0.0,
-5.0,6,constant_alpha,192,192,20000,0.9,1.0,0.0,0.0,0.00019203605610462553,0.0,0.0,0.00019203605610462553,,6.9474,0.9950108055040003,1.0,
-5.0,6,sample_average,196,196,20000,0.9,1.0,0.0,0.0,0.00019203605610462553,0.0,0.0,0.00019203605610462553,,2.98315,1.0,0.0,
-5.0,6,constant_alpha,196,196,20000,0.9,1.0,0.0,0.0,0.00019203605610462553,0.0,0.0,0.00019203605610462553,,2.98315,1.0,0.9999999999999999,
-5.0,6,sample_average,199,199,20000,0.9,1.0,0.0,0.0,0.00019203605610462553,0.0,0.0,0.00019203605610462553,,0.0,1.0,0.0,
-5.0,6,constant_alpha,199,199,20000,0.9,1.0,0.0,0.0,0.00019203605610462553,0.0,0.0,0.00019203605610462553,,0.0,1.0,1.0,
-4.0,1,sample_average,0,0,20000,0.9,1.0,1.0,0.9998079639438954,0.9999999999999999,1.0,0.9998079639438954,0.9999999999999999,0.0,20.318,0.7555243393973949,0.9999999993924851,6.075149272533054e-10
-4.0,1,constant_alpha,0,0,20000,0.9,1.0,0.00545,0.00452031923317689,0.006569623629916195,1.0,0.9998079639438954,0.9999999999999999,0.0,132.62645,0.9993126784209335,0.0060402762653542705,-0.0005902762653542705
-4.0,1,sample_average,4,4,20000,0.9,1.0,1.0,0.9998079639438954,0.9999999999999999,1.0,0.9998079639438954,0.9999999999999999,0.0,19.556,0.7902898299069729,0.9999999857765465,1.422345352608545e-08
-4.0,1,constant_alpha,4,4,20000,0.9,1.0,0.00995,0.008665483721428117,0.011422730817160026,1.0,0.9998079639438954,0.9999999999999999,0.0,127.0565,0.9986789936056549,0.009719031283494566,0.00023096871650543464
-4.0,1,sample_average,8,8,20000,0.9,1.0,1.0,0.9998079639438954,0.9999999999999999,1.0,0.9998079639438954,0.9999999999999999,0.0,18.7157,0.8155743099359702,0.9999997092542022,2.9074579777077503e-07
-4.0,1,constant_alpha,8,8,20000,0.9,1.0,0.01615,0.014493651518641964,0.017992181772850484,1.0,0.9998079639438954,0.9999999999999999,0.0,120.8298,0.9978366676889647,0.015249324855402414,0.0009006751445975875
-4.0,1,sample_average,12,12,20000,0.9,1.0,1.0,0.9998079639438954,0.9999999999999999,1.0,0.9998079639438954,0.9999999999999999,0.0,17.968,0.8358284192713583,0.9999949399559894,5.0600440105741384e-06
-4.0,1,constant_alpha,12,12,20000,0.9,1.0,0.02325,0.021251239146258837,0.02543186723323692,1.0,0.9998079639438954,0.9999999999999999,0.0,115.0245,0.996870128342112,0.023332021989716182,-8.20219897161821e-05
-4.0,1,sample_average,16,16,20000,0.9,1.0,0.9998,0.9994858195143681,0.9999222212439498,1.0,0.9998079639438954,0.9999999999999999,0.0,17.2427,0.8520289506372093,0.9999272702174412,-0.00012727021744118883
-4.0,1,constant_alpha,16,16,20000,0.9,1.0,0.03625,0.033747360220002964,0.03893075322203407,1.0,0.9998079639438954,0.9999999999999999,0.0,108.60365,0.9950632460348999,0.034813580476637976,0.0014364195233620217
-4.0,1,sample_average,20,20,20000,0.9,1.0,0.9995,0.9990797771249671,0.9997283788549844,1.0,0.9998079639438954,0.9999999999999999,0.0,16.4872,0.8651921629335426,0.9991680761889372,0.00033192381106283975
-4.0,1,constant_alpha,20,20,20000,0.9,1.0,0.05195,0.04895945128659082,0.05511263222328454,1.0,0.9998079639438954,0.9999999999999999,0.0,101.7711,0.992711699557869,0.050660552882642776,0.0012894471173572272
-4.0,1,sample_average,24,24,20000,0.9,1.0,0.99275,0.9914759160750153,0.9938348323916937,1.0,0.9998079639438954,0.9999999999999999,0.0,16.0448,0.8766621273036832,0.9927627975915829,-1.2797591582902612e-05
-4.0,1,constant_alpha,24,24,20000,0.9,1.0,0.0742,0.0706487976986529,0.07791474020672581,1.0,0.9998079639438954,0.9999999999999999,0.0,94.9181,0.9895566690295926,0.07190498516357821,0.002295014836421791
-4.0,1,sample_average,28,28,20000,0.9,1.0,0.95765,0.9547699775578181,0.9603542518400293,1.0,0.9998079639438954,0.9999999999999999,0.0,16.73705,0.8874104071332218,0.9546817549975332,0.0029682450024668405
-4.0,1,constant_alpha,28,28,20000,0.9,1.0,0.0991,0.09503564078577974,0.10331833372400494,1.0,0.9998079639438954,0.9999999999999999,0.0,87.8715,0.985839861569477,0.09955762885176046,-0.0004576288517604693
-4.0,1,sample_average,32,32,20000,0.9,1.0,0.80895,0.8034424897749958,0.814338851145937,1.0,0.9998079639438954,0.9999999999999999,0.0,23.0064,0.9017682012980349,0.8083882404989883,0.0005617595010116716
-4.0,1,constant_alpha,32,32,20000,0.9,1.0,0.13535,0.13067882823283875,0.14016122366287834,1.0,0.9998079639438954,0.9999999999999999,0.0,80.28205,0.9803553824042378,0.13449143613720949,0.0008585638627905123
-4.0,1,sample_average,36,36,20000,0.9,1.0,0.48705,0.480125957051502,0.49397901668235106,1.0,0.9998079639438954,0.9999999999999999,0.0,42.8548,0.9244689948338626,0.4862227852220829,0.0008272147779170846
-4.0,1,constant_alpha,36,36,20000,0.9,1.0,0.1772,0.17197022862720823,0.18255374985061285,1.0,0.9998079639438954,0.9999999999999999,0.0,72.9029,0.9735213048682763,0.1773050940368347,-0.00010509403683470198
-4.0,1,sample_average,39,39,20000,0.9,1.0,0.21445,0.2088168106717176,0.22019286111992376,1.0,0.9998079639438954,0.9999999999999999,0.0,67.1426,0.9443877785294013,0.21471713883088045,-0.0002671388308804479
-4.0,1,constant_alpha,39,39,20000,0.9,1.0,0.21445,0.2088168106717176,0.22019286111992376,1.0,0.9998079639438954,0.9999999999999999,0.0,67.1426,0.9671118866738915,0.21471713883088045,-0.0002671388308804479
-4.0,1,sample_average,40,40,20000,0.9,1.0,0.1462,0.14137145132660814,0.15116443338669147,1.0,0.9998079639438954,0.9999999999999999,0.0,75.6769,0.9502029042396829,0.1444366801625609,0.0017633198374391035
-4.0,1,constant_alpha,40,40,20000,0.9,1.0,0.22415,0.21842377096626217,0.2299821753258907,1.0,0.9998079639438954,0.9999999999999999,0.0,65.21465,0.9653671587473327,0.22818405306672615,-0.004034053066726162
-4.0,1,sample_average,44,44,20000,0.9,1.0,0.0144,0.012839712664267446,0.016146792753421364,1.0,0.9998079639438954,0.9999999999999999,0.0,107.23845,0.96582059594737,0.011508991437966527,0.0028910085620334723
-4.0,1,constant_alpha,44,44,20000,0.9,1.0,0.2879,0.2816660467699235,0.294215414925076,1.0,0.9998079639438954,0.9999999999999999,0.0,57.7598,0.9538969355790181,0.2867826359027963,0.0011173640972036991
-4.0,1,sample_average,48,48,20000,0.9,1.0,5e-05,8.826282272974824e-06,0.0002831905702260402,1.0,0.9998079639438954,0.9999999999999999,0.0,128.9943,0.9718196023864842,5.266332208264972e-05,-2.66332208264972e-06
-4.0,1,constant_alpha,48,48,20000,0.9,1.0,0.3533,0.3467041984987556,0.35995214488010546,1.0,0.9998079639438954,0.9999999999999999,0.0,50.27165,0.9429246454891168,0.3521531515635697,0.0011468484364303144
-4.0,1,sample_average,50,50,20000,0.9,1.0,0.0,0.0,0.00019203605610462553,0.0,0.0,0.00019203605610462553,,137.44645,0.9734594912965949,0.0,0.0
-4.0,1,constant_alpha,50,50,20000,0.9,1.0,0.38755,0.3808202106010246,0.3943229783079933,1.0,0.9998079639438954,0.9999999999999999,0.0,46.98435,0.9362023519663588,0.3869151399116311,0.0006348600883688826
-4.0,1,sample_average,52,52,20000,0.9,1.0,0.0,0.0,0.00019203605610462553,0.0,0.0,0.00019203605610462553,,135.73515,0.9735002665104389,0.0,0.0
-4.0,1,constant_alpha,52,52,20000,0.9,1.0,0.4209,0.4140735738944592,0.42775680620961654,1.0,0.9998079639438954,0.9999999999999999,0.0,43.72295,0.9288905110130999,0.42274470005162457,-0.0018447000516245704
-4.0,1,sample_average,56,56,20000,0.9,1.0,0.0,0.0,0.00019203605610462553,0.0,0.0,0.00019203605610462553,,132.3501,0.9735868509989334,0.0,0.0
-4.0,1,constant_alpha,56,56,20000,0.9,1.0,0.50115,0.49422094375081765,0.5080786145662531,1.0,0.9998079639438954,0.9999999999999999,0.0,36.85845,0.9125707083730864,0.496484913509072,0.004665086490928005
-4.0,1,sample_average,60,60,20000,0.9,1.0,0.0,0.0,0.00019203605610462553,0.0,0.0,0.00019203605610462553,,128.87995,0.9736607700925773,0.0,0.0
-4.0,1,constant_alpha,60,60,20000,0.9,1.0,0.5662,0.5593194207942195,0.5730551536319523,1.0,0.9998079639438954,0.9999999999999999,0.0,31.68905,0.8959379770930326,0.5709433417404142,-0.004743341740414131
-4.0,1,sample_average,64,64,20000,0.9,1.0,0.0,0.0,0.00019203605610462553,0.0,0.0,0.00019203605610462553,,125.4729,0.9737431339920176,0.0,0.0
-4.0,1,constant_alpha,64,64,20000,0.9,1.0,0.64605,0.63939522272796,0.6526486835400518,1.0,0.9998079639438954,0.9999999999999999,0.0,25.90325,0.8749664183798974,0.6435584359211357,0.0024915640788643056
-4.0,1,sample_average,68,68,20000,0.9,1.0,0.0,0.0,0.00019203605610462553,0.0,0.0,0.00019203605610462553,,122.0095,0.9738174214173958,0.0,0.0
-4.0,1,constant_alpha,68,68,20000,0.9,1.0,0.71215,0.7058349000223615,0.7183836190790333,1.0,0.9998079639438954,0.9999999999999999,0.0,21.4435,0.8554523696302826,0.7118952189213396,0.00025478107866039323
-4.0,1,sample_average,72,72,20000,0.9,1.0,0.0,0.0,0.00019203605610462553,0.0,0.0,0.00019203605610462553,,118.5323,0.9738891506982563,0.0,0.0
-4.0,1,constant_alpha,72,72,20000,0.9,1.0,0.77245,0.7665875931555368,0.7782077663974918,1.0,0.9998079639438954,0.9999999999999999,0.0,17.77255,0.8336017530179007,0.7738919550859158,-0.0014419550859158248
-4.0,1,sample_average,76,76,20000,0.9,1.0,0.0,0.0,0.00019203605610462553,0.0,0.0,0.00019203605610462553,,114.99975,0.9739531262163876,0.0,0.0
-4.0,1,constant_alpha,76,76,20000,0.9,1.0,0.8248,0.8194694151294549,0.8300058382484995,1.0,0.9998079639438954,0.9999999999999999,0.0,14.615,0.8125375367373754,0.8280543824775163,-0.0032543824775163044
-4.0,1,sample_average,80,80,20000,0.9,1.0,0.0,0.0,0.00019203605610462553,0.0,0.0,0.00019203605610462553,,111.53925,0.9740264329693921,0.0,0.0
-4.0,1,constant_alpha,80,80,20000,0.9,1.0,0.87495,0.8702936390841017,0.8794623530774254,1.0,0.9998079639438954,0.9999999999999999,0.0,11.93685,0.7863048414852052,0.8735659050317721,0.0013840949682278891
-4.0,1,sample_average,84,84,20000,0.9,1.0,0.0,0.0,0.00019203605610462553,0.0,0.0,0.00019203605610462553,,107.99395,0.974087909779883,0.0,0.0
-4.0,1,constant_alpha,84,84,20000,0.9,1.0,0.9102,0.9061585942737284,0.9140838593458435,1.0,0.9998079639438954,0.9999999999999999,0.0,9.99055,0.7623680642266513,0.9102993445268653,-9.934452686533035e-05
-4.0,1,sample_average,88,88,20000,0.9,1.0,0.0,0.0,0.00019203605610462553,0.0,0.0,0.00019203605610462553,,104.4612,0.9741508375608006,0.0,0.0
-4.0,1,constant_alpha,88,88,20000,0.9,1.0,0.93975,0.9363670371853322,0.9429640671033236,1.0,0.9998079639438954,0.9999999999999999,0.0,8.44825,0.7365608052704743,0.9387359818814807,0.001014018118519311
-4.0,1,sample_average,92,92,20000,0.9,1.0,0.0,0.0,0.00019203605610462553,0.0,0.0,0.00019203605610462553,,100.89015,0.9742083377614436,0.0,0.0
-4.0,1,constant_alpha,92,92,20000,0.9,1.0,0.962,0.9592602528574699,0.9645623058266894,1.0,0.9998079639438954,0.9999999999999999,0.0,7.2302,0.7109149091357242,0.959815372981317,0.0021846270186829386
-4.0,1,sample_average,96,96,20000,0.9,1.0,0.0,0.0,0.00019203605610462553,0.0,0.0,0.00019203605610462553,,97.3469,0.974269176025147,0.0,0.0
-4.0,1,constant_alpha,96,96,20000,0.9,1.0,0.974,0.9717018485759331,0.9761161012428797,1.0,0.9998079639438954,0.9999999999999999,0.0,6.38125,0.6813089673900722,0.9747503448939026,-0.000750344893902577
-4.0,1,sample_average,100,100,20000,0.9,1.0,0.0,0.0,0.00019203605610462553,0.0,0.0,0.00019203605610462553,,93.7377,0.9743211456989033,0.0,0.0
-4.0,1,constant_alpha,100,100,20000,0.9,1.0,0.9852,0.9834308909923779,0.9867827572187782,1.0,0.9998079639438954,0.9999999999999999,0.0,5.6424,0.6549491819339259,0.9848434406652916,0.00035655933470835066
-4.0,1,sample_average,104,104,20000,0.9,1.0,0.0,0.0,0.00019203605610462553,0.0,0.0,0.00019203605610462553,,90.17635,0.9743790709963592,0.0,0.0
-4.0,1,constant_alpha,104,104,20000,0.9,1.0,0.9907,0.9892722740712954,0.9919392617432436,1.0,0.9998079639438954,0.9999999999999999,0.0,5.0506,0.6218420079867315,0.9913344685805447,-0.0006344685805447225
-4.0,1,sample_average,108,108,20000,0.9,1.0,0.0,0.0,0.00019203605610462553,0.0,0.0,0.00019203605610462553,,86.53165,0.9744258358904928,0.0,0.0
-4.0,1,constant_alpha,108,108,20000,0.9,1.0,0.99465,0.9935396672703248,0.9955703514593709,1.0,0.9998079639438954,0.9999999999999999,0.0,4.5832,0.5929997447799007,0.9952966726374064,-0.0006466726374063647
-4.0,1,sample_average,112,112,20000,0.9,1.0,0.0,0.0,0.00019203605610462553,0.0,0.0,0.00019203605610462553,,82.9197,0.9744767632139224,0.0,0.0
-4.0,1,constant_alpha,112,112,20000,0.9,1.0,0.9973,0.9964790919161391,0.997929909022459,1.0,0.9998079639438954,0.9999999999999999,0.0,4.13455,0.559976931873447,0.9975854663778668,-0.0002854663778668609
-4.0,1,sample_average,116,116,20000,0.9,1.0,0.0,0.0,0.00019203605610462553,0.0,0.0,0.00019203605610462553,,79.25485,0.9745206097671154,0.0,0.0
-4.0,1,constant_alpha,116,116,20000,0.9,1.0,0.99915,0.9986390788900333,0.9994692115151574,1.0,0.9998079639438954,0.9999999999999999,0.0,3.76565,0.529760313137248,0.9988324311489335,0.00031756885106648536
-4.0,1,sample_average,120,120,20000,0.9,1.0,0.0,0.0,0.00019203605610462553,0.0,0.0,0.00019203605610462553,,75.5977,0.9745652557403799,0.0,0.0
-4.0,1,constant_alpha,120,120,20000,0.9,1.0,0.99935,0.9988881316487883,0.9996200819419798,1.0,0.9998079639438954,0.9999999999999999,0.0,3.41325,0.4960313402382115,0.9994706874389803,-0.00012068743898030476
-4.0,1,sample_average,124,124,20000,0.9,1.0,0.0,0.0,0.00019203605610462553,0.0,0.0,0.00019203605610462553,,71.90365,0.974604952203911,0.0,0.0
-4.0,1,constant_alpha,124,124,20000,0.9,1.0,0.99965,0.9992776515467302,0.9998304468224045,1.0,0.9998079639438954,0.9999999999999999,0.0,3.10385,0.46360449627695305,0.9997762401468994,-0.00012624014689932572
-4.0,1,sample_average,128,128,20000,0.9,1.0,0.0,0.0,0.00019203605610462553,0.0,0.0,0.00019203605610462553,,68.2154,0.9746452904093116,0.0,0.0
-4.0,1,constant_alpha,128,128,20000,0.9,1.0,0.99995,0.9997168094297738,0.9999911737177268,1.0,0.9998079639438954,0.9999999999999999,0.0,2.78545,0.4287974344424144,0.9999123438935084,3.765610649164586e-05
-4.0,1,sample_average,132,132,20000,0.9,1.0,0.0,0.0,0.00019203605610462553,0.0,0.0,0.00019203605610462553,,64.49735,0.974681674828762,0.0,0.0
-4.0,1,constant_alpha,132,132,20000,0.9,1.0,0.9999,0.9996354263863794,0.9999725759647273,1.0,0.9998079639438954,0.9999999999999999,0.0,2.50475,0.39575673129929345,0.9999684106385122,-6.841063851215079e-05
-4.0,1,sample_average,136,136,20000,0.9,1.0,0.0,0.0,0.00019203605610462553,0.0,0.0,0.00019203605610462553,,60.76345,0.9747158738394209,0.0,0.0
-4.0,1,constant_alpha,136,136,20000,0.9,1.0,1.0,0.9998079639438954,0.9999999999999999,1.0,0.9998079639438954,0.9999999999999999,0.0,2.23655,0.36175590066176,0.9999896174022262,1.038259777375039e-05
-4.0,1,sample_average,140,140,20000,0.9,1.0,0.0,0.0,0.00019203605610462553,0.0,0.0,0.00019203605610462553,,57.03265,0.974750418724311,0.0,0.0
-4.0,1,constant_alpha,140,140,20000,0.9,1.0,1.0,0.9998079639438954,0.9999999999999999,1.0,0.9998079639438954,0.9999999999999999,0.0,1.96735,0.3263665070336,0.9999969197584094,3.0802415905695213e-06
-4.0,1,sample_average,144,144,20000,0.9,1.0,0.0,0.0,0.00019203605610462553,0.0,0.0,0.00019203605610462553,,53.2587,0.974779345889467,0.0,0.0
-4.0,1,constant_alpha,144,144,20000,0.9,1.0,1.0,0.9998079639438954,0.9999999999999999,1.0,0.9998079639438954,0.9999999999999999,0.0,1.7413,0.29499088768000004,0.9999991854366234,8.145633766387661e-07
-4.0,1,sample_average,148,148,20000,0.9,1.0,0.0,0.0,0.00019203605610462553,0.0,0.0,0.00019203605610462553,,49.49755,0.9748098406200963,0.0,0.0
-4.0,1,constant_alpha,148,148,20000,0.9,1.0,1.0,0.9998079639438954,0.9999999999999999,1.0,0.9998079639438954,0.9999999999999999,0.0,1.50245,0.26031284085760004,0.9999998109357411,1.8906425891529466e-07
-4.0,1,sample_average,150,150,20000,0.9,1.0,0.0,0.0,0.00019203605610462553,0.0,0.0,0.00019203605610462553,,47.6132,0.9748245763131206,0.0,0.0
-4.0,1,constant_alpha,150,150,20000,0.9,1.0,1.0,0.9998079639438954,0.9999999999999999,1.0,0.9998079639438954,0.9999999999999999,0.0,1.3868,0.24281602112,0.9999999137702795,8.622972047511723e-08
-4.0,1,sample_average,152,152,20000,0.9,1.0,0.0,0.0,0.00019203605610462553,0.0,0.0,0.00019203605610462553,,45.71655,0.9748377417231848,0.0,0.0
-4.0,1,constant_alpha,152,152,20000,0.9,1.0,1.0,0.9998079639438954,0.9999999999999999,1.0,0.9998079639438954,0.9999999999999999,0.0,1.28345,0.22713282304,0.9999999622237915,3.777620849465535e-08
-4.0,1,sample_average,156,156,20000,0.9,1.0,0.0,0.0,0.00019203605610462553,0.0,0.0,0.00019203605610462553,,41.90285,0.9748614259543232,0.0,0.0
-4.0,1,constant_alpha,156,156,20000,0.9,1.0,1.0,0.9998079639438954,0.9999999999999999,1.0,0.9998079639438954,0.9999999999999999,0.0,1.09715,0.19770517632,0.9999999936616187,6.338381264292536e-09
-4.0,1,sample_average,160,160,20000,0.9,1.0,0.0,0.0,0.00019203605610462553,0.0,0.0,0.00019203605610462553,,38.07955,0.9748838338882,0.0,0.0
-4.0,1,constant_alpha,160,160,20000,0.9,1.0,1.0,0.9998079639438954,0.9999999999999999,1.0,0.9998079639438954,0.9999999999999999,0.0,0.92045,0.16835524224,0.9999999991355061,8.644939208934943e-10
-4.0,1,sample_average,164,164,20000,0.9,1.0,0.0,0.0,0.00019203605610462553,0.0,0.0,0.00019203605610462553,,34.24135,0.9749043416040364,0.0,0.0
-4.0,1,constant_alpha,164,164,20000,0.9,1.0,1.0,0.9998079639438954,0.9999999999999999,1.0,0.9998079639438954,0.9999999999999999,0.0,0.75865,0.14121737664000003,0.9999999999082787,9.172129722401223e-11
-4.0,1,sample_average,168,168,20000,0.9,1.0,0.0,0.0,0.00019203605610462553,0.0,0.0,0.00019203605610462553,,30.39665,0.9749239794327667,0.0,0.0
-4.0,1,constant_alpha,168,168,20000,0.9,1.0,1.0,0.9998079639438954,0.9999999999999999,1.0,0.9998079639438954,0.9999999999999999,0.0,0.60335,0.11391999679999999,0.9999999999928831,7.116862654754641e-12
-4.0,1,sample_average,172,172,20000,0.9,1.0,0.0,0.0,0.00019203605610462553,0.0,0.0,0.00019203605610462553,,26.51825,0.9749393363817206,0.0,0.0
-4.0,1,constant_alpha,172,172,20000,0.9,1.0,1.0,0.9998079639438954,0.9999999999999999,1.0,0.9998079639438954,0.9999999999999999,0.0,0.48175,0.0920092,0.9999999999996312,3.68816088780477e-13
-4.0,1,sample_average,176,176,20000,0.9,1.0,0.0,0.0,0.00019203605610462553,0.0,0.0,0.00019203605610462553,,22.6431,0.9749550921643022,0.0,0.0
-4.0,1,constant_alpha,176,176,20000,0.9,1.0,1.0,0.9998079639438954,0.9999999999999999,1.0,0.9998079639438954,0.9999999999999999,0.0,0.3569,0.06917704,0.9999999999999893,1.0658141036401503e-14
-4.0,1,sample_average,180,180,20000,0.9,1.0,0.0,0.0,0.00019203605610462553,0.0,0.0,0.00019203605610462553,,18.7406,0.9749673730545572,0.0,0.0
-4.0,1,constant_alpha,180,180,20000,0.9,1.0,1.0,0.9998079639438954,0.9999999999999999,1.0,0.9998079639438954,0.9999999999999999,0.0,0.2594,0.05067192,0.9999999999999999,1.1102230246251565e-16
-4.0,1,sample_average,184,184,20000,0.9,1.0,0.0,0.0,0.00019203605610462553,0.0,0.0,0.00019203605610462553,,14.8179,0.9749771040001508,0.0,0.0
-4.0,1,constant_alpha,184,184,20000,0.9,1.0,1.0,0.9998079639438954,0.9999999999999999,1.0,0.9998079639438954,0.9999999999999999,0.0,0.1821,0.035825119999999995,1.0,0.0
-4.0,1,sample_average,188,188,20000,0.9,1.0,0.0,0.0,0.00019203605610462553,0.0,0.0,0.00019203605610462553,,10.89545,0.9749868591657203,0.0,0.0
-4.0,1,constant_alpha,188,188,20000,0.9,1.0,1.0,0.9998079639438954,0.9999999999999999,1.0,0.9998079639438954,0.9999999999999999,0.0,0.10455,0.0207096,1.0000000000000002,-2.220446049250313e-16
-4.0,1,sample_average,192,192,20000,0.9,1.0,0.0,0.0,0.00019203605610462553,0.0,0.0,0.00019203605610462553,,6.9474,0.9749933900553759,0.0,0.0
-4.0,1,constant_alpha,192,192,20000,0.9,1.0,1.0,0.9998079639438954,0.9999999999999999,1.0,0.9998079639438954,0.9999999999999999,0.0,0.0526,0.010460400000000002,1.0,0.0
-4.0,1,sample_average,196,196,20000,0.9,1.0,0.0,0.0,0.00019203605610462553,0.0,0.0,0.00019203605610462553,,2.98315,0.9749978829754833,0.0,0.0
-4.0,1,constant_alpha,196,196,20000,0.9,1.0,1.0,0.9998079639438954,0.9999999999999999,1.0,0.9998079639438954,0.9999999999999999,0.0,0.01685,0.0033640000000000002,0.9999999999999999,1.1102230246251565e-16
-4.0,1,sample_average,199,199,20000,0.9,1.0,0.0,0.0,0.00019203605610462553,0.0,0.0,0.00019203605610462553,,0.0,0.9749999999999999,0.0,0.0
-4.0,1,constant_alpha,199,199,20000,0.9,1.0,1.0,0.9998079639438954,0.9999999999999999,1.0,0.9998079639438954,0.9999999999999999,0.0,0.0,0.0,1.0,0.0
-4.0,3,sample_average,0,0,20000,0.9,1.0,1.0,0.9998079639438954,0.9999999999999999,1.0,0.9998079639438954,0.9999999999999999,2.49855,21.81945,-0.3165235028052878,0.9999999993924851,
-4.0,3,constant_alpha,0,0,20000,0.9,1.0,0.433,0.42614648966269947,0.4398792431688186,1.0,0.9998079639438954,0.9999999999999999,4.989,59.73405,0.9361139346588639,0.0060402762653542705,
-4.0,3,sample_average,4,4,20000,0.9,1.0,1.0,0.9998079639438954,0.9999999999999999,1.0,0.9998079639438954,0.9999999999999999,6.19945,23.35655,0.7264788518812868,0.9999999857765465,
-4.0,3,constant_alpha,4,4,20000,0.9,1.0,0.50455,0.497620559344937,0.5114776931269525,1.0,0.9998079639438954,0.9999999999999999,4.96675,52.7248,0.9238987200650339,0.009719031283494566,
-4.0,3,sample_average,8,8,20000,0.9,1.0,1.0,0.9998079639438954,0.9999999999999999,1.0,0.9998079639438954,0.9999999999999999,19.53115,31.18455,0.858837742439405,0.9999997092542022,
-4.0,3,constant_alpha,8,8,20000,0.9,1.0,0.5832,0.5763517499449717,0.5900162952552925,1.0,0.9998079639438954,0.9999999999999999,4.91485,45.5493,0.909320707051322,0.015249324855402414,
-4.0,3,sample_average,12,12,20000,0.9,1.0,1.0,0.9998079639438954,0.9999999999999999,1.0,0.9998079639438954,0.9999999999999999,59.442,58.526,0.8969067011557087,0.9999949399559894,
-4.0,3,constant_alpha,12,12,20000,0.9,1.0,0.65515,0.6485333018198406,0.6617071093919501,1.0,0.9998079639438954,0.9999999999999999,4.92335,39.6349,0.8950032486635948,0.023332021989716182,
-4.0,3,sample_average,16,16,20000,0.9,1.0,0.0,0.0,0.00019203605610462553,0.0,0.0,0.00019203605610462553,,165.7632,0.9218390057892688,0.9999272702174412,
-4.0,3,constant_alpha,16,16,20000,0.9,1.0,0.72115,0.7148931247142745,0.7273219377381104,1.0,0.9998079639438954,0.9999999999999999,4.89785,34.45555,0.880370713897696,0.034813580476637976,
-4.0,3,sample_average,20,20,20000,0.9,1.0,0.0,0.0,0.00019203605610462553,0.0,0.0,0.00019203605610462553,,162.5282,0.9353155111337753,0.9991680761889372,
-4.0,3,constant_alpha,20,20,20000,0.9,1.0,0.7875,0.7817756554893742,0.7931139237783655,1.0,0.9998079639438954,0.9999999999999999,4.8625,29.77145,0.8649836749873296,0.050660552882642776,
-4.0,3,sample_average,24,24,20000,0.9,1.0,0.0,0.0,0.00019203605610462553,0.0,0.0,0.00019203605610462553,,159.19725,0.9454035780604303,0.9927627975915829,
-4.0,3,constant_alpha,24,24,20000,0.9,1.0,0.8329,0.8276658485350241,0.8380062938588213,1.0,0.9998079639438954,0.9999999999999999,4.83505,26.50095,0.851605484516907,0.07190498516357821,
-4.0,3,sample_average,28,28,20000,0.9,1.0,0.0,0.0,0.00019203605610462553,0.0,0.0,0.00019203605610462553,,155.9159,0.9532696164469889,0.9546817549975332,
-4.0,3,constant_alpha,28,28,20000,0.9,1.0,0.8834,0.878878229122739,0.8877745176294398,1.0,0.9998079639438954,0.9999999999999999,4.8192,23.20215,0.8367456369252142,0.09955762885176046,
-4.0,3,sample_average,32,32,20000,0.9,1.0,0.0,0.0,0.00019203605610462553,0.0,0.0,0.00019203605610462553,,152.5978,0.9595844474642677,0.8083882404989883,
-4.0,3,constant_alpha,32,32,20000,0.9,1.0,0.91785,0.913963680753493,0.9215758347144205,1.0,0.9998079639438954,0.9999999999999999,4.79845,20.8982,0.8232441039411046,0.13449143613720949,
-4.0,3,sample_average,36,36,20000,0.9,1.0,0.0,0.0,0.00019203605610462553,0.0,0.0,0.00019203605610462553,,149.2469,0.9647670582354906,0.4862227852220829,
-4.0,3,constant_alpha,36,36,20000,0.9,1.0,0.9434,0.9401115260553903,0.9465181763700561,1.0,0.9998079639438954,0.9999999999999999,4.7629,19.18245,0.8108654577117895,0.1773050940368347,
-4.0,3,sample_average,39,39,20000,0.9,1.0,0.0,0.0,0.00019203605610462553,0.0,0.0,0.00019203605610462553,,146.73085,0.9680801720540927,0.21471713883088045,
-4.0,3,constant_alpha,39,39,20000,0.9,1.0,0.9561,0.953171996777664,0.9588528279319573,1.0,0.9998079639438954,0.9999999999999999,4.75025,18.121,0.8019542262409158,0.21471713883088045,
-4.0,3,sample_average,40,40,20000,0.9,1.0,0.0,0.0,0.00019203605610462553,0.0,0.0,0.00019203605610462553,,145.9238,0.9690909216750184,0.1444366801625609,
-4.0,3,constant_alpha,40,40,20000,0.9,1.0,0.96225,0.9595185853840259,0.9648038772821054,1.0,0.9998079639438954,0.9999999999999999,4.75775,17.6737,0.7981462883734477,0.22818405306672615,
-4.0,3,sample_average,44,44,20000,0.9,1.0,0.0,0.0,0.00019203605610462553,0.0,0.0,0.00019203605610462553,,142.56135,0.9727508265494235,0.011508991437966527,
-4.0,3,constant_alpha,44,44,20000,0.9,1.0,0.97525,0.9730038363453893,0.9773136333832831,1.0,0.9998079639438954,0.9999999999999999,4.7238,16.55115,0.7870034162335694,0.2867826359027963,
-4.0,3,sample_average,48,48,20000,0.9,1.0,0.0,0.0,0.00019203605610462553,0.0,0.0,0.00019203605610462553,,139.14125,0.9758849225660795,5.266332208264972e-05,
-4.0,3,constant_alpha,48,48,20000,0.9,1.0,0.9853,0.9835364401874053,0.9868771696165394,1.0,0.9998079639438954,0.9999999999999999,4.70285,15.6193,0.7765223466008756,0.3521531515635697,
-4.0,3,sample_average,50,50,20000,0.9,1.0,0.0,0.0,0.00019203605610462553,0.0,0.0,0.00019203605610462553,,137.44645,0.9772853376930619,0.0,
-4.0,3,constant_alpha,50,50,20000,0.9,1.0,0.98845,0.9868725569045609,0.9898398430722306,1.0,0.9998079639438954,0.9999999999999999,4.6839,15.23115,0.7715656173640436,0.3869151399116311,
-4.0,3,sample_average,52,52,20000,0.9,1.0,0.0,0.0,0.00019203605610462553,0.0,0.0,0.00019203605610462553,,135.73515,0.9785903307482564,0.0,
-4.0,3,constant_alpha,52,52,20000,0.9,1.0,0.99115,0.9897543843175848,0.9923569786645036,1.0,0.9998079639438954,0.9999999999999999,4.6822,14.86105,0.7668801779333281,0.42274470005162457,
-4.0,3,sample_average,56,56,20000,0.9,1.0,0.0,0.0,0.00019203605610462553,0.0,0.0,0.00019203605610462553,,132.3501,0.980942554454086,0.0,
-4.0,3,constant_alpha,56,56,20000,0.9,1.0,0.9959,0.9949141579643698,0.9966953806751856,1.0,0.9998079639438954,0.9999999999999999,4.65665,14.0989,0.7570012596863142,0.496484913509072,
-4.0,3,sample_average,60,60,20000,0.9,1.0,0.0,0.0,0.00019203605610462553,0.0,0.0,0.00019203605610462553,,128.87995,0.9830080291745282,0.0,
-4.0,3,constant_alpha,60,60,20000,0.9,1.0,0.9974,0.9965923580946505,0.9980166044367365,1.0,0.9998079639438954,0.9999999999999999,4.65055,13.5427,0.7491705200140689,0.5709433417404142,
-4.0,3,sample_average,64,64,20000,0.9,1.0,0.0,0.0,0.00019203605610462553,0.0,0.0,0.00019203605610462553,,125.4729,0.9848227102018947,0.0,
-4.0,3,constant_alpha,64,64,20000,0.9,1.0,0.9988,0.9982149864992992,0.9991934383311308,1.0,0.9998079639438954,0.9999999999999999,4.618,12.94235,0.7412488673421219,0.6435584359211357,
-4.0,3,sample_average,68,68,20000,0.9,1.0,0.0,0.0,0.00019203605610462553,0.0,0.0,0.00019203605610462553,,122.0095,0.9864317644672516,0.0,
-4.0,3,constant_alpha,68,68,20000,0.9,1.0,0.9995,0.9990797771249671,0.9997283788549844,1.0,0.9998079639438954,0.9999999999999999,4.6045,12.3977,0.7342227371487595,0.7118952189213396,
-4.0,3,sample_average,72,72,20000,0.9,1.0,0.0,0.0,0.00019203605610462553,0.0,0.0,0.00019203605610462553,,118.5323,0.9878623202145298,0.0,
-4.0,3,constant_alpha,72,72,20000,0.9,1.0,0.9998,0.9994858195143681,0.9999222212439498,1.0,0.9998079639438954,0.9999999999999999,4.58715,11.88305,0.7284648199939298,0.7738919550859158,
-4.0,3,sample_average,76,76,20000,0.9,1.0,0.0,0.0,0.00019203605610462553,0.0,0.0,0.00019203605610462553,,114.99975,0.9891413873585523,0.0,
-4.0,3,constant_alpha,76,76,20000,0.9,1.0,1.0,0.9998079639438954,0.9999999999999999,1.0,0.9998079639438954,0.9999999999999999,4.56285,11.4374,0.7241159115011203,0.8280543824775163,
-4.0,3,sample_average,80,80,20000,0.9,1.0,0.0,0.0,0.00019203605610462553,0.0,0.0,0.00019203605610462553,,111.53925,0.9902805808018864,0.0,
-4.0,3,constant_alpha,80,80,20000,0.9,1.0,1.0,0.9998079639438954,0.9999999999999999,1.0,0.9998079639438954,0.9999999999999999,4.54285,10.9179,0.7201931581875577,0.8735659050317721,
-4.0,3,sample_average,84,84,20000,0.9,1.0,0.0,0.0,0.00019203605610462553,0.0,0.0,0.00019203605610462553,,107.99395,0.9913072498368252,0.0,
-4.0,3,constant_alpha,84,84,20000,0.9,1.0,1.0,0.9998079639438954,0.9999999999999999,1.0,0.9998079639438954,0.9999999999999999,4.51495,10.4911,0.7176559072743477,0.9102993445268653,
-4.0,3,sample_average,88,88,20000,0.9,1.0,0.0,0.0,0.00019203605610462553,0.0,0.0,0.00019203605610462553,,104.4612,0.9922289572131058,0.0,
-4.0,3,constant_alpha,88,88,20000,0.9,1.0,1.0,0.9998079639438954,0.9999999999999999,1.0,0.9998079639438954,0.9999999999999999,4.4941,10.0447,0.7157377208698125,0.9387359818814807,
-4.0,3,sample_average,92,92,20000,0.9,1.0,0.0,0.0,0.00019203605610462553,0.0,0.0,0.00019203605610462553,,100.89015,0.9930609816112079,0.0,
-4.0,3,constant_alpha,92,92,20000,0.9,1.0,1.0,0.9998079639438954,0.9999999999999999,1.0,0.9998079639438954,0.9999999999999999,4.4794,9.63045,0.7151873946301661,0.959815372981317,
-4.0,3,sample_average,96,96,20000,0.9,1.0,0.0,0.0,0.00019203605610462553,0.0,0.0,0.00019203605610462553,,97.3469,0.9938094103270046,0.0,
-4.0,3,constant_alpha,96,96,20000,0.9,1.0,1.0,0.9998079639438954,0.9999999999999999,1.0,0.9998079639438954,0.9999999999999999,4.46365,9.18945,0.7158028807534134,0.9747503448939026,
-4.0,3,sample_average,100,100,20000,0.9,1.0,0.0,0.0,0.00019203605610462553,0.0,0.0,0.00019203605610462553,,93.7377,0.9944886434466494,0.0,
-4.0,3,constant_alpha,100,100,20000,0.9,1.0,1.0,0.9998079639438954,0.9999999999999999,1.0,0.9998079639438954,0.9999999999999999,4.44415,8.81815,0.7170225340480604,0.9848434406652916,
-4.0,3,sample_average,104,104,20000,0.9,1.0,0.0,0.0,0.00019203605610462553,0.0,0.0,0.00019203605610462553,,90.17635,0.995099562011916,0.0,
-4.0,3,constant_alpha,104,104,20000,0.9,1.0,1.0,0.9998079639438954,0.9999999999999999,1.0,0.9998079639438954,0.9999999999999999,4.4271,8.39655,0.7202446140184271,0.9913344685805447,
-4.0,3,sample_average,108,108,20000,0.9,1.0,0.0,0.0,0.00019203605610462553,0.0,0.0,0.00019203605610462553,,86.53165,0.9956561866716777,0.0,
-4.0,3,constant_alpha,108,108,20000,0.9,1.0,1.0,0.9998079639438954,0.9999999999999999,1.0,0.9998079639438954,0.9999999999999999,4.40155,8.0668,0.7233583219369453,0.9952966726374064,
-4.0,3,sample_average,112,112,20000,0.9,1.0,0.0,0.0,0.00019203605610462553,0.0,0.0,0.00019203605610462553,,82.9197,0.9961577098632053,0.0,
-4.0,3,constant_alpha,112,112,20000,0.9,1.0,1.0,0.9998079639438954,0.9999999999999999,1.0,0.9998079639438954,0.9999999999999999,4.38,7.7003,0.7278313312847092,0.9975854663778668,
-4.0,3,sample_average,116,116,20000,0.9,1.0,0.0,0.0,0.00019203605610462553,0.0,0.0,0.00019203605610462553,,79.25485,0.9966137234429369,0.0,
-4.0,3,constant_alpha,116,116,20000,0.9,1.0,1.0,0.9998079639438954,0.9999999999999999,1.0,0.9998079639438954,0.9999999999999999,4.3671,7.37805,0.7324743207130497,0.9988324311489335,
-4.0,3,sample_average,120,120,20000,0.9,1.0,0.0,0.0,0.00019203605610462553,0.0,0.0,0.00019203605610462553,,75.5977,0.9970254652957654,0.0,
-4.0,3,constant_alpha,120,120,20000,0.9,1.0,1.0,0.9998079639438954,0.9999999999999999,1.0,0.9998079639438954,0.9999999999999999,4.33795,7.06435,0.7382231849481273,0.9994706874389803,
-4.0,3,sample_average,124,124,20000,0.9,1.0,0.0,0.0,0.00019203605610462553,0.0,0.0,0.00019203605610462553,,71.90365,0.9973989712834089,0.0,
-4.0,3,constant_alpha,124,124,20000,0.9,1.0,1.0,0.9998079639438954,0.9999999999999999,1.0,0.9998079639438954,0.9999999999999999,4.32885,6.7675,0.7444893743125627,0.9997762401468994,
-4.0,3,sample_average,128,128,20000,0.9,1.0,0.0,0.0,0.00019203605610462553,0.0,0.0,0.00019203605610462553,,68.2154,0.9977356625683362,0.0,
-4.0,3,constant_alpha,128,128,20000,0.9,1.0,1.0,0.9998079639438954,0.9999999999999999,1.0,0.9998079639438954,0.9999999999999999,4.3126,6.472,0.7516112930744566,0.9999123438935084,
-4.0,3,sample_average,132,132,20000,0.9,1.0,0.0,0.0,0.00019203605610462553,0.0,0.0,0.00019203605610462553,,64.49735,0.9980401707328483,0.0,
-4.0,3,constant_alpha,132,132,20000,0.9,1.0,1.0,0.9998079639438954,0.9999999999999999,1.0,0.9998079639438954,0.9999999999999999,4.2943,6.20835,0.7585196652591841,0.9999684106385122,
-4.0,3,sample_average,136,136,20000,0.9,1.0,0.0,0.0,0.00019203605610462553,0.0,0.0,0.00019203605610462553,,60.76345,0.9983145568179204,0.0,
-4.0,3,constant_alpha,136,136,20000,0.9,1.0,1.0,0.9998079639438954,0.9999999999999999,1.0,0.9998079639438954,0.9999999999999999,4.2816,5.95495,0.7663288359706952,0.9999896174022262,
-4.0,3,sample_average,140,140,20000,0.9,1.0,0.0,0.0,0.00019203605610462553,0.0,0.0,0.00019203605610462553,,57.03265,0.9985605460449253,0.0,
-4.0,3,constant_alpha,140,140,20000,0.9,1.0,1.0,0.9998079639438954,0.9999999999999999,1.0,0.9998079639438954,0.9999999999999999,4.2556,5.71175,0.7738884935581697,0.9999969197584094,
-4.0,3,sample_average,144,144,20000,0.9,1.0,0.0,0.0,0.00019203605610462553,0.0,0.0,0.00019203605610462553,,53.2587,0.9987819773774781,0.0,
-4.0,3,constant_alpha,144,144,20000,0.9,1.0,1.0,0.9998079639438954,0.9999999999999999,1.0,0.9998079639438954,0.9999999999999999,4.2394,5.5019,0.7812287623069697,0.9999991854366234,
-4.0,3,sample_average,148,148,20000,0.9,1.0,0.0,0.0,0.00019203605610462553,0.0,0.0,0.00019203605610462553,,49.49755,0.9989788460517637,0.0,
-4.0,3,constant_alpha,148,148,20000,0.9,1.0,1.0,0.9998079639438954,0.9999999999999999,1.0,0.9998079639438954,0.9999999999999999,4.2271,5.27535,0.7894786879389698,0.9999998109357411,
-4.0,3,sample_average,150,150,20000,0.9,1.0,0.0,0.0,0.00019203605610462553,0.0,0.0,0.00019203605610462553,,47.6132,0.9990689397553301,0.0,
-4.0,3,constant_alpha,150,150,20000,0.9,1.0,1.0,0.9998079639438954,0.9999999999999999,1.0,0.9998079639438954,0.9999999999999999,4.2134,5.1734,0.7934158730035201,0.9999999137702795,
-4.0,3,sample_average,152,152,20000,0.9,1.0,0.0,0.0,0.00019203605610462553,0.0,0.0,0.00019203605610462553,,45.71655,0.9991540327888392,0.0,
-4.0,3,constant_alpha,152,152,20000,0.9,1.0,1.0,0.9998079639438954,0.9999999999999999,1.0,0.9998079639438954,0.9999999999999999,4.201,5.08245,0.79696118300672,0.9999999622237915,
-4.0,3,sample_average,156,156,20000,0.9,1.0,0.0,0.0,0.00019203605610462553,0.0,0.0,0.00019203605610462553,,41.90285,0.9993094074009796,0.0,
-4.0,3,constant_alpha,156,156,20000,0.9,1.0,1.0,0.9998079639438954,0.9999999999999999,1.0,0.9998079639438954,0.9999999999999999,4.18625,4.9109,0.8039042899968001,0.9999999936616187,
-4.0,3,sample_average,160,160,20000,0.9,1.0,0.0,0.0,0.00019203605610462553,0.0,0.0,0.00019203605610462553,,38.07955,0.9994457068680065,0.0,
-4.0,3,constant_alpha,160,160,20000,0.9,1.0,1.0,0.9998079639438954,0.9999999999999999,1.0,0.9998079639438954,0.9999999999999999,4.17465,4.7458,0.8110628839424001,0.9999999991355061,
-4.0,3,sample_average,164,164,20000,0.9,1.0,0.0,0.0,0.00019203605610462553,0.0,0.0,0.00019203605610462553,,34.24135,0.9995643740349751,0.0,
-4.0,3,constant_alpha,164,164,20000,0.9,1.0,1.0,0.9998079639438954,0.9999999999999999,1.0,0.9998079639438954,0.9999999999999999,4.1502,4.60845,0.8170993873715201,0.9999999999082787,
-4.0,3,sample_average,168,168,20000,0.9,1.0,0.0,0.0,0.00019203605610462553,0.0,0.0,0.00019203605610462553,,30.39665,0.9996664045711928,0.0,
-4.0,3,constant_alpha,168,168,20000,0.9,1.0,1.0,0.9998079639438954,0.9999999999999999,1.0,0.9998079639438954,0.9999999999999999,4.13095,4.4724,0.8233061810176001,0.9999999999928831,
-4.0,3,sample_average,172,172,20000,0.9,1.0,0.0,0.0,0.00019203605610462553,0.0,0.0,0.00019203605610462553,,26.51825,0.999753361620087,0.0,
-4.0,3,constant_alpha,172,172,20000,0.9,1.0,1.0,0.9998079639438954,0.9999999999999999,1.0,0.9998079639438954,0.9999999999999999,4.1193,4.36245,0.82848585728,0.9999999999996312,
-4.0,3,sample_average,176,176,20000,0.9,1.0,0.0,0.0,0.00019203605610462553,0.0,0.0,0.00019203605610462553,,22.6431,0.9998255554867624,0.0,
-4.0,3,constant_alpha,176,176,20000,0.9,1.0,1.0,0.9998079639438954,0.9999999999999999,1.0,0.9998079639438954,0.9999999999999999,4.10335,4.25355,0.8337332674560001,0.9999999999999893,
-4.0,3,sample_average,180,180,20000,0.9,1.0,0.0,0.0,0.00019203605610462553,0.0,0.0,0.00019203605610462553,,18.7406,0.9998843315289371,0.0,
-4.0,3,constant_alpha,180,180,20000,0.9,1.0,1.0,0.9998079639438954,0.9999999999999999,1.0,0.9998079639438954,0.9999999999999999,4.08735,4.17205,0.8377260441600002,0.9999999999999999,
-4.0,3,sample_average,184,184,20000,0.9,1.0,0.0,0.0,0.00019203605610462553,0.0,0.0,0.00019203605610462553,,14.8179,0.9999303314333562,0.0,
-4.0,3,constant_alpha,184,184,20000,0.9,1.0,1.0,0.9998079639438954,0.9999999999999999,1.0,0.9998079639438954,0.9999999999999999,4.0715,4.1106,0.8407958937600001,1.0,
-4.0,3,sample_average,188,188,20000,0.9,1.0,0.0,0.0,0.00019203605610462553,0.0,0.0,0.00019203605610462553,,10.89545,0.9999641077495272,0.0,
-4.0,3,constant_alpha,188,188,20000,0.9,1.0,1.0,0.9998079639438954,0.9999999999999999,1.0,0.9998079639438954,0.9999999999999999,4.04965,4.0549,0.8436024320000001,1.0000000000000002,
-4.0,3,sample_average,192,192,20000,0.9,1.0,0.0,0.0,0.00019203605610462553,0.0,0.0,0.00019203605610462553,,6.9474,0.9999865305559807,0.0,
-4.0,3,constant_alpha,192,192,20000,0.9,1.0,1.0,0.9998079639438954,0.9999999999999999,1.0,0.9998079639438954,0.9999999999999999,4.03605,4.01655,0.845554176,1.0,
-4.0,3,sample_average,196,196,20000,0.9,1.0,0.0,0.0,0.00019203605610462553,0.0,0.0,0.00019203605610462553,,2.98315,0.9999981081695459,0.0,
-4.0,3,constant_alpha,196,196,20000,0.9,1.0,0.0,0.0,0.00019203605610462553,0.0,0.0,0.00019203605610462553,,2.98315,0.9049412,0.9999999999999999,
-4.0,3,sample_average,199,199,20000,0.9,1.0,0.0,0.0,0.00019203605610462553,0.0,0.0,0.00019203605610462553,,0.0,1.0,0.0,
-4.0,3,constant_alpha,199,199,20000,0.9,1.0,0.0,0.0,0.00019203605610462553,0.0,0.0,0.00019203605610462553,,0.0,1.0,1.0,
-4.0,6,sample_average,0,0,20000,0.9,1.0,1.0,0.9998079639438954,0.9999999999999999,1.0,0.9998079639438954,0.9999999999999999,12.41915,27.89885,0.5160979378623728,0.9999999993924851,
-4.0,6,constant_alpha,0,0,20000,0.9,1.0,0.95465,0.951677987639396,0.957447393974788,1.0,0.9998079639438954,0.9999999999999999,18.546,33.5949,0.848955624382175,0.0060402762653542705,
-4.0,6,sample_average,4,4,20000,0.9,1.0,1.0,0.9998079639438954,0.9999999999999999,1.0,0.9998079639438954,0.9999999999999999,119.41835,106.13765,0.8977464216059922,0.9999999857765465,
-4.0,6,constant_alpha,4,4,20000,0.9,1.0,0.9691,0.9666101927073617,0.9714096390648009,1.0,0.9998079639438954,0.9999999999999999,18.44395,32.3128,0.8429369621476258,0.009719031283494566,
-4.0,6,sample_average,8,8,20000,0.9,1.0,0.0,0.0,0.00019203605610462553,0.0,0.0,0.00019203605610462553,,172.2843,0.945619329778429,0.9999997092542022,
-4.0,6,constant_alpha,8,8,20000,0.9,1.0,0.98075,0.9787513586646428,0.9825639986674126,1.0,0.9998079639438954,0.9999999999999999,18.3209,31.08495,0.8369748613197622,0.015249324855402414,
-4.0,6,sample_average,12,12,20000,0.9,1.0,0.0,0.0,0.00019203605610462553,0.0,0.0,0.00019203605610462553,,169.032,0.9717407904280646,0.9999949399559894,
-4.0,6,constant_alpha,12,12,20000,0.9,1.0,0.98975,0.9882570081964761,0.9910548924865694,1.0,0.9998079639438954,0.9999999999999999,18.26415,30.04055,0.8316251528291018,0.023332021989716182,
-4.0,6,sample_average,16,16,20000,0.9,1.0,0.0,0.0,0.00019203605610462553,0.0,0.0,0.00019203605610462553,,165.7632,0.9834457424713653,0.9999272702174412,
-4.0,6,constant_alpha,16,16,20000,0.9,1.0,0.99355,0.9923418354439922,0.994568605765027,1.0,0.9998079639438954,0.9999999999999999,18.18905,29.25935,0.8273591258365246,0.034813580476637976,
-4.0,6,sample_average,20,20,20000,0.9,1.0,0.0,0.0,0.00019203605610462553,0.0,0.0,0.00019203605610462553,,162.5282,0.9895803416102914,0.9991680761889372,
-4.0,6,constant_alpha,20,20,20000,0.9,1.0,0.99685,0.995972211169275,0.9975369626017738,1.0,0.9998079639438954,0.9999999999999999,18.09155,28.47975,0.8233722634539737,0.050660552882642776,
-4.0,6,sample_average,24,24,20000,0.9,1.0,0.0,0.0,0.00019203605610462553,0.0,0.0,0.00019203605610462553,,159.19725,0.9931258712915947,0.9927627975915829,
-4.0,6,constant_alpha,24,24,20000,0.9,1.0,0.9979,0.9971628472365731,0.9984459232587578,1.0,0.9998079639438954,0.9999999999999999,18.0153,27.8511,0.8203838935752128,0.07190498516357821,
-4.0,6,sample_average,28,28,20000,0.9,1.0,0.0,0.0,0.00019203605610462553,0.0,0.0,0.00019203605610462553,,155.9159,0.9953059392866129,0.9546817549975332,
-4.0,6,constant_alpha,28,28,20000,0.9,1.0,0.999,0.9984558140624349,0.9993525339535727,1.0,0.9998079639438954,0.9999999999999999,17.91215,27.199,0.8174197713077487,0.09955762885176046,
-4.0,6,sample_average,32,32,20000,0.9,1.0,0.0,0.0,0.00019203605610462553,0.0,0.0,0.00019203605610462553,,152.5978,0.9967132667287382,0.8083882404989883,
-4.0,6,constant_alpha,32,32,20000,0.9,1.0,0.99945,0.9990153237654903,0.9996928514180666,1.0,0.9998079639438954,0.9999999999999999,17.8346,26.5868,0.8152824321391239,0.13449143613720949,
-4.0,6,sample_average,36,36,20000,0.9,1.0,0.0,0.0,0.00019203605610462553,0.0,0.0,0.00019203605610462553,,149.2469,0.9976541850084656,0.4862227852220829,
-4.0,6,constant_alpha,36,36,20000,0.9,1.0,0.9998,0.9994858195143681,0.9999222212439498,1.0,0.9998079639438954,0.9999999999999999,17.76195,25.9951,0.8136463381645761,0.1773050940368347,
-4.0,6,sample_average,39,39,20000,0.9,1.0,0.0,0.0,0.00019203605610462553,0.0,0.0,0.00019203605610462553,,146.73085,0.9981598316391368,0.21471713883088045,
-4.0,6,constant_alpha,39,39,20000,0.9,1.0,0.9999,0.9996354263863794,0.9999725759647273,1.0,0.9998079639438954,0.9999999999999999,17.6897,25.5808,0.812832095509976,0.21471713883088045,
-4.0,6,sample_average,40,40,20000,0.9,1.0,0.0,0.0,0.00019203605610462553,0.0,0.0,0.00019203605610462553,,145.9238,0.9982993869452294,0.1444366801625609,
-4.0,6,constant_alpha,40,40,20000,0.9,1.0,0.99985,0.9995590363727073,0.999948985182005,1.0,0.9998079639438954,0.9999999999999999,17.67265,25.40765,0.8124609596799657,0.22818405306672615,
-4.0,6,sample_average,44,44,20000,0.9,1.0,0.0,0.0,0.00019203605610462553,0.0,0.0,0.00019203605610462553,,142.56135,0.998752652987816,0.011508991437966527,
-4.0,6,constant_alpha,44,44,20000,0.9,1.0,1.0,0.9998079639438954,0.9999999999999999,1.0,0.9998079639438954,0.9999999999999999,17.613,24.82565,0.8120033481237284,0.2867826359027963,
-4.0,6,sample_average,48,48,20000,0.9,1.0,0.0,0.0,0.00019203605610462553,0.0,0.0,0.00019203605610462553,,139.14125,0.9990769788264326,5.266332208264972e-05,
-4.0,6,constant_alpha,48,48,20000,0.9,1.0,1.0,0.9998079639438954,0.9999999999999999,1.0,0.9998079639438954,0.9999999999999999,17.5099,24.34885,0.8117804311533643,0.3521531515635697,
-4.0,6,sample_average,50,50,20000,0.9,1.0,0.0,0.0,0.00019203605610462553,0.0,0.0,0.00019203605610462553,,137.44645,0.9992034341494055,0.0,
-4.0,6,constant_alpha,50,50,20000,0.9,1.0,1.0,0.9998079639438954,0.9999999999999999,1.0,0.9998079639438954,0.9999999999999999,17.4711,24.08245,0.8118301087164402,0.3869151399116311,
-4.0,6,sample_average,52,52,20000,0.9,1.0,0.0,0.0,0.00019203605610462553,0.0,0.0,0.00019203605610462553,,135.73515,0.9993115594197661,0.0,
-4.0,6,constant_alpha,52,52,20000,0.9,1.0,1.0,0.9998079639438954,0.9999999999999999,1.0,0.9998079639438954,0.9999999999999999,17.42905,23.8358,0.8121879037721921,0.42274470005162457,
-4.0,6,sample_average,56,56,20000,0.9,1.0,0.0,0.0,0.00019203605610462553,0.0,0.0,0.00019203605610462553,,132.3501,0.999483181397161,0.0,
-4.0,6,constant_alpha,56,56,20000,0.9,1.0,1.0,0.9998079639438954,0.9999999999999999,1.0,0.9998079639438954,0.9999999999999999,17.3659,23.284,0.813070691496653,0.496484913509072,
-4.0,6,sample_average,60,60,20000,0.9,1.0,0.0,0.0,0.00019203605610462553,0.0,0.0,0.00019203605610462553,,128.87995,0.9996107272468191,0.0,
-4.0,6,constant_alpha,60,60,20000,0.9,1.0,1.0,0.9998079639438954,0.9999999999999999,1.0,0.9998079639438954,0.9999999999999999,17.30115,22.8189,0.8141727885559221,0.5709433417404142,
-4.0,6,sample_average,64,64,20000,0.9,1.0,0.0,0.0,0.00019203605610462553,0.0,0.0,0.00019203605610462553,,125.4729,0.9997053937002393,0.0,
-4.0,6,constant_alpha,64,64,20000,0.9,1.0,1.0,0.9998079639438954,0.9999999999999999,1.0,0.9998079639438954,0.9999999999999999,17.21055,22.31655,0.8159516672678173,0.6435584359211357,
-4.0,6,sample_average,68,68,20000,0.9,1.0,0.0,0.0,0.00019203605610462553,0.0,0.0,0.00019203605610462553,,122.0095,0.999776702577386,0.0,
-4.0,6,constant_alpha,68,68,20000,0.9,1.0,1.0,0.9998079639438954,0.9999999999999999,1.0,0.9998079639438954,0.9999999999999999,17.12755,21.86295,0.8177390626388845,0.7118952189213396,
-4.0,6,sample_average,72,72,20000,0.9,1.0,0.0,0.0,0.00019203605610462553,0.0,0.0,0.00019203605610462553,,118.5323,0.9998305137295767,0.0,
-4.0,6,constant_alpha,72,72,20000,0.9,1.0,1.0,0.9998079639438954,0.9999999999999999,1.0,0.9998079639438954,0.9999999999999999,17.05255,21.41515,0.8202124098436687,0.7738919550859158,
-4.0,6,sample_average,76,76,20000,0.9,1.0,0.0,0.0,0.00019203605610462553,0.0,0.0,0.00019203605610462553,,114.99975,0.9998714239969946,0.0,
-4.0,6,constant_alpha,76,76,20000,0.9,1.0,1.0,0.9998079639438954,0.9999999999999999,1.0,0.9998079639438954,0.9999999999999999,16.98675,21.0135,0.8226534984358855,0.8280543824775163,
-4.0,6,sample_average,80,80,20000,0.9,1.0,0.0,0.0,0.00019203605610462553,0.0,0.0,0.00019203605610462553,,111.53925,0.9999022882096315,0.0,
-4.0,6,constant_alpha,80,80,20000,0.9,1.0,1.0,0.9998079639438954,0.9999999999999999,1.0,0.9998079639438954,0.9999999999999999,16.8913,20.56945,0.8258640385547426,0.8735659050317721,
-4.0,6,sample_average,84,84,20000,0.9,1.0,0.0,0.0,0.00019203605610462553,0.0,0.0,0.00019203605610462553,,107.99395,0.9999259579061062,0.0,
-4.0,6,constant_alpha,84,84,20000,0.9,1.0,1.0,0.9998079639438954,0.9999999999999999,1.0,0.9998079639438954,0.9999999999999999,16.82995,20.1761,0.8289354553935742,0.9102993445268653,
-4.0,6,sample_average,88,88,20000,0.9,1.0,0.0,0.0,0.00019203605610462553,0.0,0.0,0.00019203605610462553,,104.4612,0.9999439633838884,0.0,
-4.0,6,constant_alpha,88,88,20000,0.9,1.0,1.0,0.9998079639438954,0.9999999999999999,1.0,0.9998079639438954,0.9999999999999999,16.7577,19.7811,0.832346511840402,0.9387359818814807,
-4.0,6,sample_average,92,92,20000,0.9,1.0,0.0,0.0,0.00019203605610462553,0.0,0.0,0.00019203605610462553,,100.89015,0.9999577352444908,0.0,
-4.0,6,constant_alpha,92,92,20000,0.9,1.0,1.0,0.9998079639438954,0.9999999999999999,1.0,0.9998079639438954,0.9999999999999999,16.70465,19.4052,0.8359080691058581,0.959815372981317,
-4.0,6,sample_average,96,96,20000,0.9,1.0,0.0,0.0,0.00019203605610462553,0.0,0.0,0.00019203605610462553,,97.3469,0.9999681913941179,0.0,
-4.0,6,constant_alpha,96,96,20000,0.9,1.0,1.0,0.9998079639438954,0.9999999999999999,1.0,0.9998079639438954,0.9999999999999999,16.61845,19.03465,0.8397585540653075,0.9747503448939026,
-4.0,6,sample_average,100,100,20000,0.9,1.0,0.0,0.0,0.00019203605610462553,0.0,0.0,0.00019203605610462553,,93.7377,0.9999762063282258,0.0,
-4.0,6,constant_alpha,100,100,20000,0.9,1.0,1.0,0.9998079639438954,0.9999999999999999,1.0,0.9998079639438954,0.9999999999999999,16.5386,18.7237,0.8431006012574737,0.9848434406652916,
-4.0,6,sample_average,104,104,20000,0.9,1.0,0.0,0.0,0.00019203605610462553,0.0,0.0,0.00019203605610462553,,90.17635,0.9999822543888156,0.0,
-4.0,6,constant_alpha,104,104,20000,0.9,1.0,1.0,0.9998079639438954,0.9999999999999999,1.0,0.9998079639438954,0.9999999999999999,16.46885,18.3548,0.8474374774772209,0.9913344685805447,
-4.0,6,sample_average,108,108,20000,0.9,1.0,0.0,0.0,0.00019203605610462553,0.0,0.0,0.00019203605610462553,,86.53165,0.9999868801609276,0.0,
-4.0,6,constant_alpha,108,108,20000,0.9,1.0,1.0,0.9998079639438954,0.9999999999999999,1.0,0.9998079639438954,0.9999999999999999,16.3936,18.07475,0.850879576210745,0.9952966726374064,
-4.0,6,sample_average,112,112,20000,0.9,1.0,0.0,0.0,0.00019203605610462553,0.0,0.0,0.00019203605610462553,,82.9197,0.9999903524223097,0.0,
-4.0,6,constant_alpha,112,112,20000,0.9,1.0,1.0,0.9998079639438954,0.9999999999999999,1.0,0.9998079639438954,0.9999999999999999,16.33655,17.74375,0.8551074765461508,0.9975854663778668,
-4.0,6,sample_average,116,116,20000,0.9,1.0,0.0,0.0,0.00019203605610462553,0.0,0.0,0.00019203605610462553,,79.25485,0.9999929762682188,0.0,
-4.0,6,constant_alpha,116,116,20000,0.9,1.0,1.0,0.9998079639438954,0.9999999999999999,1.0,0.9998079639438954,0.9999999999999999,16.26305,17.4821,0.8585443701071653,0.9988324311489335,
-4.0,6,sample_average,120,120,20000,0.9,1.0,0.0,0.0,0.00019203605610462553,0.0,0.0,0.00019203605610462553,,75.5977,0.9999949303552023,0.0,
-4.0,6,constant_alpha,120,120,20000,0.9,1.0,1.0,0.9998079639438954,0.9999999999999999,1.0,0.9998079639438954,0.9999999999999999,16.1849,17.2174,0.8622056330050902,0.9994706874389803,
-4.0,6,sample_average,124,124,20000,0.9,1.0,0.0,0.0,0.00019203605610462553,0.0,0.0,0.00019203605610462553,,71.90365,0.9999963850029792,0.0,
-4.0,6,constant_alpha,124,124,20000,0.9,1.0,1.0,0.9998079639438954,0.9999999999999999,1.0,0.9998079639438954,0.9999999999999999,16.1198,16.97655,0.8656174733168784,0.9997762401468994,
-4.0,6,sample_average,128,128,20000,0.9,1.0,0.0,0.0,0.00019203605610462553,0.0,0.0,0.00019203605610462553,,68.2154,0.9999974522613022,0.0,
-4.0,6,constant_alpha,128,128,20000,0.9,1.0,1.0,0.9998079639438954,0.9999999999999999,1.0,0.9998079639438954,0.9999999999999999,16.05835,16.72625,0.8692880352133541,0.9999123438935084,
-4.0,6,sample_average,132,132,20000,0.9,1.0,0.0,0.0,0.00019203605610462553,0.0,0.0,0.00019203605610462553,,64.49735,0.9999982320517814,0.0,
-4.0,6,constant_alpha,132,132,20000,0.9,1.0,1.0,0.9998079639438954,0.9999999999999999,1.0,0.9998079639438954,0.9999999999999999,16.00545,16.4972,0.872712560424424,0.9999684106385122,
-4.0,6,sample_average,136,136,20000,0.9,1.0,0.0,0.0,0.00019203605610462553,0.0,0.0,0.00019203605610462553,,60.76345,0.999998793750814,0.0,
-4.0,6,constant_alpha,136,136,20000,0.9,1.0,1.0,0.9998079639438954,0.9999999999999999,1.0,0.9998079639438954,0.9999999999999999,15.92835,16.3082,0.8756301198221638,0.9999896174022262,
-4.0,6,sample_average,140,140,20000,0.9,1.0,0.0,0.0,0.00019203605610462553,0.0,0.0,0.00019203605610462553,,57.03265,0.999999192039859,0.0,
-4.0,6,constant_alpha,140,140,20000,0.9,1.0,1.0,0.9998079639438954,0.9999999999999999,1.0,0.9998079639438954,0.9999999999999999,15.85785,16.1095,0.8786925096272352,0.9999969197584094,
-4.0,6,sample_average,144,144,20000,0.9,1.0,0.0,0.0,0.00019203605610462553,0.0,0.0,0.00019203605610462553,,53.2587,0.9999994720762363,0.0,
-4.0,6,constant_alpha,144,144,20000,0.9,1.0,1.0,0.9998079639438954,0.9999999999999999,1.0,0.9998079639438954,0.9999999999999999,15.8035,15.9378,0.8814163297454295,0.9999991854366234,
-4.0,6,sample_average,148,148,20000,0.9,1.0,0.0,0.0,0.00019203605610462553,0.0,0.0,0.00019203605610462553,,49.49755,0.9999996634536139,0.0,
-4.0,6,constant_alpha,148,148,20000,0.9,1.0,1.0,0.9998079639438954,0.9999999999999999,1.0,0.9998079639438954,0.9999999999999999,15.7361,15.76635,0.8841582417900612,0.9999998109357411,
-4.0,6,sample_average,150,150,20000,0.9,1.0,0.0,0.0,0.00019203605610462553,0.0,0.0,0.00019203605610462553,,47.6132,0.9999997343075225,0.0,
-4.0,6,constant_alpha,150,150,20000,0.9,1.0,1.0,0.9998079639438954,0.9999999999999999,1.0,0.9998079639438954,0.9999999999999999,15.70045,15.68635,0.8854478052154596,0.9999999137702795,
-4.0,6,sample_average,152,152,20000,0.9,1.0,0.0,0.0,0.00019203605610462553,0.0,0.0,0.00019203605610462553,,45.71655,0.9999997922119048,0.0,
-4.0,6,constant_alpha,152,152,20000,0.9,1.0,1.0,0.9998079639438954,0.9999999999999999,1.0,0.9998079639438954,0.9999999999999999,15.66005,15.6234,0.8864687430194841,0.9999999622237915,
-4.0,6,sample_average,156,156,20000,0.9,1.0,0.0,0.0,0.00019203605610462553,0.0,0.0,0.00019203605610462553,,41.90285,0.9999998767023383,0.0,
-4.0,6,constant_alpha,156,156,20000,0.9,1.0,1.0,0.9998079639438954,0.9999999999999999,1.0,0.9998079639438954,0.9999999999999999,15.6082,15.48895,0.8886707883167201,0.9999999936616187,
-4.0,6,sample_average,160,160,20000,0.9,1.0,0.0,0.0,0.00019203605610462553,0.0,0.0,0.00019203605610462553,,38.07955,0.9999999301108528,0.0,
-4.0,6,constant_alpha,160,160,20000,0.9,1.0,1.0,0.9998079639438954,0.9999999999999999,1.0,0.9998079639438954,0.9999999999999999,15.5483,15.37215,0.8905962997403558,0.9999999991355061,
-4.0,6,sample_average,164,164,20000,0.9,1.0,0.0,0.0,0.00019203605610462553,0.0,0.0,0.00019203605610462553,,34.24135,0.9999999626048449,0.0,
-4.0,6,constant_alpha,164,164,20000,0.9,1.0,1.0,0.9998079639438954,0.9999999999999999,1.0,0.9998079639438954,0.9999999999999999,15.48245,15.2762,0.8921860809811717,0.9999999999082787,
-4.0,6,sample_average,168,168,20000,0.9,1.0,0.0,0.0,0.00019203605610462553,0.0,0.0,0.00019203605610462553,,30.39665,0.9999999813718207,0.0,
-4.0,6,constant_alpha,168,168,20000,0.9,1.0,1.0,0.9998079639438954,0.9999999999999999,1.0,0.9998079639438954,0.9999999999999999,15.41445,15.1889,0.8936431238835841,0.9999999999928831,
-4.0,6,sample_average,172,172,20000,0.9,1.0,0.0,0.0,0.00019203605610462553,0.0,0.0,0.00019203605610462553,,26.51825,0.9999999915876117,0.0,
-4.0,6,constant_alpha,172,172,20000,0.9,1.0,1.0,0.9998079639438954,0.9999999999999999,1.0,0.9998079639438954,0.9999999999999999,15.36125,15.1205,0.8947879337961328,0.9999999999996312,
-4.0,6,sample_average,176,176,20000,0.9,1.0,0.0,0.0,0.00019203605610462553,0.0,0.0,0.00019203605610462553,,22.6431,0.9999999966523763,0.0,
-4.0,6,constant_alpha,176,176,20000,0.9,1.0,1.0,0.9998079639438954,0.9999999999999999,1.0,0.9998079639438954,0.9999999999999999,15.29325,15.06365,0.8957452038998537,0.9999999999999893,
-4.0,6,sample_average,180,180,20000,0.9,1.0,0.0,0.0,0.00019203605610462553,0.0,0.0,0.00019203605610462553,,18.7406,0.9999999988961874,0.0,
-4.0,6,constant_alpha,180,180,20000,0.9,1.0,1.0,0.9998079639438954,0.9999999999999999,1.0,0.9998079639438954,0.9999999999999999,15.23445,15.02495,0.8963965718367368,0.9999999999999999,
-4.0,6,sample_average,184,184,20000,0.9,1.0,0.0,0.0,0.00019203605610462553,0.0,0.0,0.00019203605610462553,,14.8179,0.9999999997281458,0.0,
-4.0,6,constant_alpha,184,184,20000,0.9,1.0,0.8321,0.8268561335199658,0.8372163161315693,0.8321,0.8268561335199658,0.8372163161315693,15.0,14.8179,0.8999440942082032,1.0,
-4.0,6,sample_average,188,188,20000,0.9,1.0,0.0,0.0,0.00019203605610462553,0.0,0.0,0.00019203605610462553,,10.89545,0.9999999999598447,0.0,
-4.0,6,constant_alpha,188,188,20000,0.9,1.0,0.0,0.0,0.00019203605610462553,0.0,0.0,0.00019203605610462553,,10.89545,0.9625216020971519,1.0000000000000002,
-4.0,6,sample_average,192,192,20000,0.9,1.0,0.0,0.0,0.00019203605610462553,0.0,0.0,0.00019203605610462553,,6.9474,0.9999999999982508,0.0,
-4.0,6,constant_alpha,192,192,20000,0.9,1.0,0.0,0.0,0.00019203605610462553,0.0,0.0,0.00019203605610462553,,6.9474,0.9958423379200001,1.0,
-4.0,6,sample_average,196,196,20000,0.9,1.0,0.0,0.0,0.00019203605610462553,0.0,0.0,0.00019203605610462553,,2.98315,1.0,0.0,
-4.0,6,constant_alpha,196,196,20000,0.9,1.0,0.0,0.0,0.00019203605610462553,0.0,0.0,0.00019203605610462553,,2.98315,1.0,0.9999999999999999,
-4.0,6,sample_average,199,199,20000,0.9,1.0,0.0,0.0,0.00019203605610462553,0.0,0.0,0.00019203605610462553,,0.0,1.0,0.0,
-4.0,6,constant_alpha,199,199,20000,0.9,1.0,0.0,0.0,0.00019203605610462553,0.0,0.0,0.00019203605610462553,,0.0,1.0,1.0,
